fecha,llovio,temperatura_maxima,temperatura_minima,temperatura_promedio,barometro_mbar_max,barometro_mbar_min,barometro_mbar_promedio,viento_kmh_max,viento_kmh_min,viento_kmh_promedio,humedad_porc_max,humedad_porc_min,humedad_porc_promedio
2019-01-01,0,31.0,26.0,28.75,1011,1006,1008.75,18,14,15.75,80,71,77.5
2019-01-02,0,30.0,25.0,28.0,1006,1003,1004.5,16,8,12.25,86,80,83.25
2019-01-03,0,25.0,21.0,23.0,1013,1009,1011.5,19,10,14.5,60,48,52.0
2019-01-04,0,27.0,22.0,25.5,1015,1013,1013.75,19,12,15.75,59,47,54.0
2019-01-05,0,29.0,26.0,27.5,1014,1008,1011.75,20,14,17.0,61,41,53.5
2019-01-06,1,29.0,25.0,27.5,1003,863,941.25,15,8,12.25,76,60,66.25
2019-01-07,0,28.0,23.0,26.0,1001,999,1000.0,10,5,7.75,87,66,76.0
2019-01-08,0,31.0,24.0,28.75,1009,1004,1007.0,20,11,14.0,84,57,69.0
2019-01-09,0,30.0,26.0,28.5,1008,1005,1006.25,17,16,16.5,76,49,60.75
2019-01-10,0,24.0,22.0,22.5,1018,1010,1014.0,23,15,17.5,73,65,67.75
2019-01-11,0,23.0,17.0,21.25,1021,1018,1019.5,20,9,14.5,68,37,53.5
2019-01-12,0,26.0,22.0,24.75,1017,1013,1015.5,24,14,18.25,76,59,69.5
2019-01-13,0,25.0,23.0,24.25,1014,1013,1013.25,19,12,14.75,90,81,84.5
2019-01-14,0,27.0,23.0,25.25,1013,1012,1012.75,24,6,15.5,88,75,82.5
2019-01-15,1,26.0,22.0,23.75,1012,1008,1009.75,21,11,15.25,95,84,88.5
2019-01-16,0,27.0,21.0,25.25,1011,1008,1009.5,12,6,8.25,93,68,78.0
2019-01-17,0,25.0,22.0,23.25,1020,1015,1018.0,31,10,22.25,74,58,63.25
2019-01-18,1,23.0,18.0,21.0,1022,1021,1021.25,21,11,16.25,81,60,71.5
2019-01-19,0,24.0,20.0,22.5,1023,1020,1021.75,22,8,13.75,73,57,65.0
2019-01-20,0,25.0,22.0,23.75,1020,1014,1017.5,25,15,18.5,75,58,66.75
2019-01-21,0,28.0,24.0,26.25,1014,1011,1012.5,17,13,15.25,76,63,69.0
2019-01-22,0,31.0,25.0,29.0,1012,1009,1010.5,14,9,11.0,77,69,73.75
2019-01-23,0,27.0,26.0,26.5,1015,1011,1013.75,31,11,24.0,85,74,78.5
2019-01-24,0,29.0,25.0,27.25,1018,1014,1016.0,25,17,21.0,78,73,76.75
2019-01-25,1,26.0,23.0,24.5,1015,1009,1012.5,25,12,18.25,88,80,85.25
2019-01-26,0,29.0,25.0,27.75,1013,844,970.0,22,5,12.5,90,77,82.0
2019-01-27,0,29.0,25.0,27.5,1013,1009,1011.5,21,12,17.0,87,81,84.25
2019-01-28,0,34.0,27.0,30.75,1010,1008,1008.75,13,8,11.0,87,67,79.25
2019-01-29,1,34.0,28.0,31.75,1009,1006,1007.75,19,15,17.0,88,68,79.0
2019-01-30,0,31.0,25.0,28.25,1009,1006,1007.75,19,7,14.0,83,63,75.0
2019-01-31,0,27.0,25.0,26.5,1014,1010,1011.75,18,13,15.25,72,66,68.0
2019-02-01,0,32.0,27.0,29.25,1011,1010,1010.75,18,7,10.75,84,72,76.0
2019-02-02,0,28.0,24.0,25.25,1023,1015,1019.75,24,15,18.75,70,43,54.5
2019-02-03,0,24.0,18.0,22.0,1026,1024,1025.0,21,13,17.5,64,50,57.0
2019-02-04,0,24.0,21.0,22.75,1024,1022,1023.0,19,13,15.75,65,57,61.25
2019-02-05,0,25.0,23.0,24.25,1021,1017,1019.5,17,11,13.5,67,57,63.5
2019-02-06,0,27.0,25.0,26.0,1016,1011,1014.25,19,11,15.25,71,59,65.0
2019-02-07,0,29.0,26.0,27.75,1011,1008,1009.75,17,12,15.0,78,58,67.5
2019-02-08,0,30.0,27.0,28.75,1009,1007,1008.0,13,10,11.5,74,65,69.5
2019-02-09,0,34.0,26.0,30.5,1008,1006,1007.25,10,5,8.0,85,44,67.75
2019-02-10,0,33.0,27.0,30.5,1006,1001,1003.5,15,3,9.75,78,60,69.0
2019-02-11,1,29.0,23.0,25.25,1018,1001,1009.0,20,8,13.75,88,52,68.25
2019-02-12,0,22.0,18.0,20.5,1026,1023,1024.75,16,11,14.25,63,34,46.75
2019-02-13,0,22.0,19.0,21.25,1022,1018,1020.5,12,11,11.5,60,45,54.25
2019-02-14,1,23.0,21.0,22.0,1018,1016,1016.75,15,7,12.0,82,60,69.25
2019-02-15,0,26.0,21.0,24.25,1016,1016,1016.0,11,7,9.0,77,56,66.0
2019-02-16,0,27.0,23.0,25.5,1017,1015,1016.0,16,4,9.75,71,59,66.5
2019-02-17,0,28.0,25.0,26.75,1015,1012,1013.75,20,11,16.5,81,68,76.0
2019-02-18,0,30.0,26.0,28.0,1011,1007,1009.25,17,10,13.75,77,67,72.75
2019-02-19,0,34.0,27.0,31.0,1008,1006,1007.0,14,9,11.0,75,48,61.75
2019-02-20,0,34.0,29.0,32.0,1008,1006,1006.75,20,7,12.75,65,55,60.75
2019-02-21,0,31.0,29.0,29.75,1012,1008,1010.25,24,12,18.0,79,63,70.75
2019-02-22,1,29.0,28.0,28.5,1010,907,983.75,15,8,11.0,86,67,75.0
2019-02-23,1,25.0,25.0,25.0,1008,1002,1005.25,18,6,10.75,93,86,89.25
2019-02-24,0,23.0,21.0,22.25,1009,1003,1006.75,16,6,11.5,89,43,62.25
2019-02-25,0,21.0,21.0,21.0,1015,1011,1013.5,15,7,11.25,50,42,45.5
2019-02-26,0,22.0,17.0,19.75,1019,1017,1017.75,12,5,8.0,49,25,36.25
2019-02-27,0,26.0,17.0,22.75,1017,1013,1015.25,19,11,16.25,48,37,44.5
2019-02-28,0,22.0,21.0,21.5,1016,1013,1014.25,14,6,11.0,63,55,60.25
2019-03-01,0,29.0,21.0,26.25,1012,1006,1009.0,28,16,21.0,71,49,61.25
2019-03-02,0,26.0,22.0,24.0,1015,1010,1013.5,14,9,11.0,65,50,57.5
2019-03-03,0,25.0,22.0,23.75,1016,1009,1013.25,22,14,17.5,69,57,64.0
2019-03-04,1,25.0,21.0,24.0,1010,1007,1008.5,16,4,9.75,93,71,80.0
2019-03-05,0,25.0,21.0,24.0,1015,1013,1014.5,16,4,10.0,84,69,77.5
2019-03-06,0,30.0,23.0,27.0,1014,1007,1010.5,12,9,10.0,85,73,80.0
2019-03-07,1,30.0,26.0,28.75,1007,1005,1006.5,16,11,12.25,88,77,84.0
2019-03-08,0,22.0,20.0,21.0,1024,1011,1018.0,24,9,18.5,89,49,65.25
2019-03-09,0,21.0,16.0,19.25,1027,1026,1026.25,22,17,19.5,64,54,58.5
2019-03-10,0,22.0,20.0,21.25,1027,1023,1025.0,26,10,16.5,67,53,61.5
2019-03-11,0,23.0,20.0,21.75,1022,1016,1019.25,25,15,20.75,74,59,69.25
2019-03-12,1,23.0,20.0,21.25,1014,1011,1012.25,14,5,8.75,93,84,86.75
2019-03-13,0,24.0,19.0,22.0,1012,1011,1011.75,10,8,9.5,87,61,75.25
2019-03-14,0,25.0,19.0,22.5,1015,1013,1014.5,12,8,9.75,87,63,77.25
2019-03-15,1,24.0,21.0,22.75,1017,1016,1016.5,32,7,21.5,90,82,87.0
2019-03-16,1,25.0,23.0,24.25,1017,1014,1015.75,24,15,19.25,91,79,84.5
2019-03-17,0,26.0,24.0,25.0,1014,1009,1011.25,19,10,14.0,85,70,76.75
2019-03-18,0,29.0,22.0,26.75,1008,1008,1008.0,9,4,7.0,91,45,65.75
2019-03-19,0,23.0,18.0,20.25,1019,1012,1015.75,18,13,14.75,72,61,65.5
2019-03-20,0,20.0,17.0,18.5,1023,1021,1022.5,11,9,10.0,62,39,51.75
2019-03-21,0,19.0,16.0,17.75,1024,1020,1022.25,14,6,10.25,61,51,57.0
2019-03-22,0,22.0,18.0,20.25,1020,1018,1019.25,12,8,10.25,66,51,59.25
2019-03-23,0,24.0,19.0,22.5,1018,1012,1015.5,14,9,12.0,73,57,67.0
2019-03-24,0,21.0,19.0,20.0,1017,1012,1015.0,16,12,13.75,73,50,59.25
2019-03-25,0,21.0,15.0,18.25,1021,1018,1019.75,14,10,11.25,73,47,61.75
2019-03-26,0,21.0,17.0,19.25,1026,1023,1024.5,25,12,18.25,73,62,67.25
2019-03-27,0,21.0,17.0,19.5,1029,1027,1027.75,26,7,15.25,72,63,69.25
2019-03-28,0,24.0,19.0,21.5,1027,1024,1025.5,25,19,21.25,80,63,74.0
2019-03-29,0,24.0,21.0,22.5,1022,1015,1019.0,18,11,15.25,84,74,80.25
2019-03-30,0,28.0,22.0,25.25,1016,1015,1015.25,10,6,7.75,90,73,82.25
2019-03-31,0,27.0,22.0,25.25,1016,1015,1015.75,18,5,10.75,88,64,76.25
2019-04-01,0,24.0,22.0,23.0,1015,1013,1014.25,15,10,13.5,92,81,85.25
2019-04-02,0,32.0,23.0,28.0,1012,1009,1010.75,16,10,12.0,89,54,72.5
2019-04-03,0,22.0,21.0,21.25,1014,1007,1011.0,20,13,16.0,77,58,67.75
2019-04-04,0,28.0,21.0,24.5,1007,1001,1003.25,20,13,16.25,84,67,76.5
2019-04-05,0,21.0,17.0,19.0,1020,1012,1017.0,14,8,11.25,81,47,63.25
2019-04-06,0,21.0,18.0,19.5,1022,1019,1020.5,12,8,10.25,75,59,66.0
2019-04-07,0,23.0,17.0,20.75,1021,1018,1019.5,11,7,9.0,76,56,67.75
2019-04-08,0,24.0,18.0,21.75,1020,1018,1018.75,10,5,7.75,69,59,64.25
2019-04-09,0,26.0,22.0,23.5,1018,1014,1016.5,16,9,11.75,74,59,67.75
2019-04-10,1,25.0,23.0,23.75,1015,1013,1013.75,12,10,10.75,79,66,72.0
2019-04-11,1,20.0,17.0,18.5,1019,1013,1016.75,13,7,10.75,92,58,74.5
2019-04-12,0,19.0,15.0,17.75,1019,1013,1016.5,16,4,8.75,72,57,63.75
2019-04-13,0,24.0,19.0,22.0,1013,1011,1012.0,19,9,13.75,75,57,67.5
2019-04-14,0,25.0,21.0,23.0,1015,1011,1012.75,13,6,10.0,79,68,75.0
2019-04-15,0,21.0,19.0,19.75,1024,1018,1021.75,28,15,21.5,82,55,69.25
2019-04-16,0,20.0,16.0,18.5,1023,1018,1021.25,16,10,12.0,77,64,72.5
2019-04-17,0,24.0,20.0,21.75,1017,1014,1015.75,18,11,15.0,79,62,71.0
2019-04-18,0,23.0,21.0,21.75,1014,1011,1012.25,12,6,10.0,76,68,73.25
2019-04-19,0,28.0,20.0,24.0,1011,1009,1010.0,12,8,10.0,78,67,74.0
2019-04-20,0,23.0,18.0,20.75,1016,1011,1014.0,19,10,14.0,73,54,63.0
2019-04-21,0,19.0,17.0,18.0,1018,1016,1017.5,9,3,7.0,71,57,65.5
2019-04-22,0,19.0,16.0,17.75,1021,1019,1020.25,21,4,12.75,71,59,67.0
2019-04-23,0,18.0,17.0,17.25,1023,1022,1022.25,20,11,14.5,71,63,67.25
2019-04-24,0,19.0,17.0,18.5,1023,1023,1023.0,32,8,18.75,85,76,80.0
2019-04-25,0,20.0,19.0,19.5,1023,1021,1022.25,36,33,34.75,83,74,77.25
2019-04-26,1,19.0,18.0,18.25,1021,1014,1017.5,37,19,30.25,97,83,90.25
2019-04-27,1,20.0,18.0,18.75,1012,1012,1012.0,11,6,9.25,98,89,93.75
2019-04-28,0,23.0,18.0,20.5,1013,1011,1012.0,12,6,9.25,91,63,78.75
2019-04-29,0,24.0,17.0,21.25,1015,1011,1012.5,11,7,9.25,87,57,73.75
2019-04-30,0,18.0,16.0,16.75,1021,1019,1019.75,17,10,13.0,45,32,40.25
2019-05-01,0,20.0,16.0,18.0,1019,1011,1016.0,16,11,14.0,76,56,64.5
2019-05-02,0,24.0,17.0,20.75,1008,1006,1006.75,18,10,15.25,78,66,73.5
2019-05-03,0,26.0,19.0,23.0,1013,1007,1009.75,12,5,7.75,79,36,60.5
2019-05-04,0,20.0,19.0,19.25,1016,1013,1014.5,29,17,24.0,89,79,83.5
2019-05-05,1,20.0,18.0,19.0,1015,1012,1012.75,17,11,14.0,99,93,95.75
2019-05-06,0,19.0,17.0,18.0,1023,1018,1021.0,23,12,16.75,86,68,75.75
2019-05-07,0,17.0,15.0,16.25,1023,1021,1021.75,24,16,20.25,82,74,79.25
2019-05-08,1,18.0,17.0,17.75,1022,1018,1020.0,24,15,19.0,82,76,79.75
2019-05-09,1,20.0,18.0,18.5,1016,1005,1009.75,25,8,18.0,95,84,89.0
2019-05-10,1,18.0,17.0,17.5,1010,1005,1007.75,15,9,13.0,94,69,81.0
2019-05-11,0,20.0,14.0,17.25,1018,1012,1015.25,11,4,8.75,84,46,66.25
2019-05-12,0,21.0,14.0,18.5,1019,1019,1019.0,13,7,11.0,67,54,62.75
2019-05-13,0,24.0,16.0,20.25,1027,1020,1023.0,23,11,15.25,70,51,61.0
2019-05-14,0,16.0,14.0,15.25,1030,1028,1029.0,20,13,16.75,71,63,67.0
2019-05-15,0,18.0,16.0,17.25,1028,1025,1027.0,21,10,13.75,85,69,74.25
2019-05-16,0,21.0,17.0,19.25,1025,1021,1023.25,17,7,11.0,80,75,78.0
2019-05-17,0,21.0,19.0,20.0,1020,1014,1017.25,19,10,14.0,86,77,81.75
2019-05-18,0,23.0,20.0,21.0,1016,1015,1015.5,15,5,10.5,87,80,82.75
2019-05-19,0,19.0,15.0,16.5,1018,1016,1017.5,14,9,11.25,92,77,84.5
2019-05-20,0,17.0,15.0,16.25,1018,1016,1017.25,29,17,25.0,86,72,80.0
2019-05-21,0,16.0,15.0,15.5,1022,1017,1019.5,25,17,19.0,91,72,80.75
2019-05-22,0,17.0,12.0,15.5,1023,1021,1022.25,14,7,10.5,78,65,72.25
2019-05-23,0,17.0,13.0,15.0,1021,1018,1019.75,12,5,7.5,66,40,54.5
2019-05-24,0,20.0,12.0,16.75,1017,1015,1016.0,13,6,9.25,65,43,58.0
2019-05-25,0,18.0,13.0,15.75,1015,1013,1014.25,15,11,13.5,76,64,70.0
2019-05-26,0,18.0,16.0,16.75,1012,1010,1011.25,16,5,10.75,91,81,85.75
2019-05-27,0,18.0,15.0,16.75,1013,1012,1012.25,13,4,8.0,95,84,89.5
2019-05-28,0,17.0,14.0,15.5,1017,1014,1015.5,10,3,6.0,91,79,85.0
2019-05-29,0,13.0,13.0,13.0,1020,1019,1019.5,19,5,12.25,80,65,70.0
2019-05-30,0,14.0,12.0,13.0,1020,1019,1019.25,26,11,20.0,78,70,75.0
2019-05-31,0,16.0,12.0,14.5,1019,1017,1018.0,17,9,13.5,83,74,79.25
2019-06-01,0,17.0,15.0,16.25,1019,1017,1017.75,9,7,8.5,82,79,81.25
2019-06-02,0,20.0,14.0,17.25,1022,1019,1020.75,10,4,7.0,91,66,81.5
2019-06-03,0,20.0,15.0,17.25,1025,1023,1024.25,11,7,9.25,81,62,74.75
2019-06-04,0,18.0,15.0,16.5,1025,1022,1023.75,17,12,14.25,78,73,74.75
2019-06-05,0,18.0,15.0,16.75,1019,1014,1016.75,25,11,17.25,79,73,77.25
2019-06-06,0,19.0,16.0,17.5,1014,1010,1011.75,15,5,11.0,88,77,84.5
2019-06-07,0,18.0,16.0,17.0,1018,1013,1016.5,13,7,9.75,93,33,55.5
2019-06-08,0,19.0,12.0,16.25,1020,1019,1019.25,15,7,11.0,59,34,46.25
2019-06-09,0,18.0,13.0,16.25,1019,1014,1016.75,11,10,10.5,78,59,70.25
2019-06-10,0,18.0,17.0,17.75,1017,1014,1015.25,10,4,7.25,92,79,87.0
2019-06-11,1,17.0,15.0,16.0,1018,1012,1015.75,31,13,20.75,96,85,90.0
2019-06-12,1,22.0,18.0,20.0,1011,1009,1009.75,9,4,6.75,96,83,91.25
2019-06-13,1,20.0,17.0,19.0,1013,1009,1010.75,26,7,15.0,97,94,95.25
2019-06-14,1,19.0,14.0,16.25,1018,1010,1014.5,13,8,10.5,96,89,92.5
2019-06-15,1,14.0,13.0,13.5,1019,1018,1018.5,31,19,24.25,95,91,93.25
2019-06-16,1,17.0,16.0,16.5,1021,1019,1020.0,37,21,28.5,98,95,97.0
2019-06-17,1,17.0,14.0,16.0,1020,1015,1017.75,22,6,12.75,99,95,97.0
2019-06-18,1,15.0,13.0,13.5,1012,1010,1011.0,26,10,17.5,96,65,83.25
2019-06-19,0,17.0,13.0,15.0,1019,1011,1014.75,21,10,15.5,66,52,60.5
2019-06-20,0,15.0,12.0,14.0,1023,1021,1021.75,10,5,7.25,77,71,73.5
2019-06-21,0,16.0,14.0,14.75,1020,1019,1019.5,11,6,9.0,87,78,83.0
2019-06-22,0,18.0,16.0,16.75,1019,1017,1018.25,9,4,6.0,93,84,88.25
2019-06-23,0,21.0,18.0,19.25,1014,1009,1011.25,9,5,6.25,93,88,90.75
2019-06-24,0,16.0,15.0,15.5,1011,1000,1006.0,20,5,13.0,96,87,90.25
2019-06-25,0,14.0,11.0,12.0,1015,1002,1009.25,18,12,16.0,90,45,62.75
2019-06-26,0,14.0,8.0,11.25,1015,1014,1014.75,21,8,14.75,59,43,52.0
2019-06-27,0,14.0,11.0,12.75,1014,1011,1012.5,23,13,18.25,66,52,60.5
2019-06-28,1,14.0,13.0,13.75,1010,1007,1008.75,12,9,11.0,95,79,89.0
2019-06-29,1,14.0,13.0,13.75,1009,1008,1008.75,17,9,12.75,98,85,91.75
2019-06-30,0,11.0,10.0,10.75,1020,1014,1017.5,12,8,10.0,93,70,79.5
2019-07-01,0,12.0,8.0,10.25,1022,1012,1018.0,20,7,13.0,75,56,66.0
2019-07-02,0,15.0,9.0,12.5,1008,1005,1007.0,20,14,16.5,73,42,60.5
2019-07-03,0,12.0,9.0,10.0,1015,1010,1012.75,15,9,13.25,59,47,53.0
2019-07-04,0,10.0,7.0,8.25,1023,1016,1019.5,16,9,12.25,62,46,56.75
2019-07-05,0,10.0,6.0,8.0,1029,1025,1027.5,15,6,11.25,75,56,66.0
2019-07-06,0,12.0,7.0,9.5,1031,1025,1028.5,9,4,6.0,64,36,52.75
2019-07-07,0,12.0,7.0,10.0,1028,1024,1026.5,15,7,12.75,73,55,63.25
2019-07-08,0,12.0,10.0,11.25,1024,1021,1022.5,17,11,13.0,76,66,69.5
2019-07-09,0,14.0,12.0,12.75,1022,1020,1020.75,12,7,9.0,81,73,75.75
2019-07-10,0,15.0,13.0,14.0,1019,1015,1017.0,8,2,5.75,86,74,79.5
2019-07-11,1,16.0,12.0,14.25,1015,1012,1013.5,20,6,14.25,93,79,88.25
2019-07-12,1,17.0,15.0,15.75,1016,1011,1013.5,20,6,10.25,98,76,87.75
2019-07-13,0,12.0,10.0,11.0,1019,1018,1018.5,7,4,5.5,98,79,88.0
2019-07-14,0,12.0,9.0,11.0,1020,1019,1019.75,10,3,6.75,89,79,85.25
2019-07-15,0,17.0,11.0,14.25,1022,1020,1021.0,10,5,7.0,90,47,68.0
2019-07-16,0,15.0,11.0,13.0,1025,1023,1024.0,12,3,7.25,79,65,72.0
2019-07-17,0,16.0,12.0,14.0,1024,1019,1022.0,21,9,16.0,78,67,72.5
2019-07-18,1,15.0,13.0,13.75,1021,1018,1020.0,13,6,9.75,81,78,80.0
2019-07-19,0,17.0,13.0,15.0,1021,1015,1017.75,11,5,7.75,92,80,88.5
2019-07-20,0,17.0,14.0,16.0,1015,1006,1011.25,8,5,7.25,94,88,90.75
2019-07-21,1,26.0,18.0,22.0,1005,1000,1002.0,15,9,12.75,88,66,78.0
2019-07-22,0,15.0,14.0,14.25,1022,1012,1017.5,16,11,12.75,55,37,48.0
2019-07-23,0,12.0,11.0,11.5,1027,1024,1025.25,15,11,12.5,73,59,63.25
2019-07-24,0,14.0,10.0,12.0,1029,1028,1028.75,14,8,11.0,67,45,57.0
2019-07-25,1,13.0,10.0,11.5,1028,1021,1024.75,31,15,24.5,96,81,86.0
2019-07-26,1,14.0,12.0,13.0,1022,1016,1018.25,15,6,9.25,99,91,95.75
2019-07-27,0,15.0,13.0,14.0,1028,1025,1026.75,12,3,7.0,91,65,76.0
2019-07-28,0,15.0,12.0,13.5,1027,1021,1024.25,21,13,15.75,88,78,82.5
2019-07-29,0,14.0,13.0,13.75,1019,1018,1018.5,11,5,7.0,83,81,82.0
2019-07-30,0,15.0,12.0,13.75,1019,1016,1017.5,12,6,9.0,85,79,82.5
2019-07-31,0,20.0,13.0,16.75,1014,1007,1010.25,16,10,14.0,88,72,80.5
2019-08-01,0,17.0,14.0,15.25,1017,1009,1012.25,17,8,12.5,78,34,50.5
2019-08-02,0,15.0,11.0,13.0,1025,1019,1022.25,18,10,14.5,52,35,43.5
2019-08-03,0,17.0,11.0,14.25,1028,1027,1027.75,10,6,8.25,50,37,45.75
2019-08-04,0,16.0,11.0,14.0,1030,1027,1028.75,17,9,14.5,72,54,62.25
2019-08-05,0,16.0,13.0,14.75,1026,1019,1023.0,21,16,18.0,75,63,70.75
2019-08-06,0,20.0,13.0,16.5,1018,1013,1015.5,20,4,12.75,78,63,72.25
2019-08-07,0,16.0,13.0,14.5,1023,1017,1020.75,25,10,19.5,66,55,59.0
2019-08-08,0,14.0,12.0,12.5,1026,1025,1025.75,27,15,22.0,66,57,62.75
2019-08-09,1,11.0,9.0,10.0,1024,1019,1020.75,19,8,13.5,89,77,82.5
2019-08-10,0,16.0,9.0,13.25,1020,1018,1018.75,17,6,12.0,71,46,60.75
2019-08-11,0,16.0,11.0,13.75,1018,1015,1016.75,13,10,11.25,81,69,75.75
2019-08-12,0,13.0,11.0,12.25,1028,1016,1021.0,13,10,11.5,80,57,63.5
2019-08-13,0,10.0,8.0,8.75,1037,1031,1034.25,10,8,9.25,71,46,57.75
2019-08-14,0,11.0,7.0,9.25,1037,1027,1032.75,18,4,13.25,64,56,59.75
2019-08-15,0,13.0,10.0,12.0,1026,1020,1023.25,15,10,12.5,84,72,75.5
2019-08-16,0,17.0,13.0,15.5,1018,1010,1014.0,10,8,8.5,86,75,80.75
2019-08-17,1,19.0,15.0,17.25,1014,1008,1010.0,13,6,9.25,90,67,77.0
2019-08-18,0,12.0,11.0,11.5,1029,1019,1024.5,15,12,14.0,80,52,63.5
2019-08-19,0,8.0,6.0,7.5,1031,1030,1030.5,15,9,12.25,64,54,59.25
2019-08-20,0,10.0,7.0,8.75,1032,1030,1031.0,20,8,14.75,70,62,65.75
2019-08-21,0,11.0,9.0,10.0,1031,1028,1029.75,26,17,20.75,83,71,75.25
2019-08-22,0,12.0,10.0,11.0,1029,1028,1028.25,15,2,8.75,81,70,76.0
2019-08-23,0,15.0,10.0,13.0,1027,1024,1025.75,15,1,8.25,90,57,72.75
2019-08-24,0,16.0,13.0,14.5,1024,1022,1023.0,14,10,11.0,76,74,75.5
2019-08-25,0,16.0,14.0,14.75,1021,1018,1019.75,15,11,13.25,87,79,81.75
2019-08-26,0,18.0,15.0,17.25,1019,1017,1018.25,9,5,6.75,91,84,88.25
2019-08-27,0,20.0,16.0,18.0,1023,1019,1021.25,14,4,9.5,94,81,88.5
2019-08-28,0,22.0,17.0,20.25,1017,1007,1012.25,13,8,10.75,91,76,84.5
2019-08-29,0,22.0,19.0,21.0,1015,1005,1010.0,10,8,8.75,84,51,65.0
2019-08-30,0,16.0,14.0,15.5,1017,1016,1016.75,17,4,11.25,72,50,57.75
2019-08-31,0,19.0,13.0,16.5,1019,1018,1018.75,10,4,6.75,53,30,42.5
2019-09-01,0,14.0,13.0,13.25,1021,1019,1019.75,14,5,10.0,45,32,40.0
2019-09-02,0,16.0,9.0,12.75,1022,1017,1018.75,14,5,11.5,54,36,47.5
2019-09-03,0,13.0,7.0,11.0,1024,1022,1023.25,13,8,10.0,66,30,47.25
2019-09-04,0,12.0,9.0,10.5,1032,1026,1029.5,11,7,10.0,60,37,47.75
2019-09-05,0,11.0,9.0,10.0,1033,1028,1031.0,30,12,23.25,76,57,64.75
2019-09-06,0,15.0,11.0,13.25,1026,1017,1021.25,27,24,24.75,85,74,79.0
2019-09-07,0,19.0,14.0,15.75,1016,1013,1014.5,16,6,10.0,86,71,82.25
2019-09-08,0,17.0,14.0,15.0,1015,1012,1013.5,14,6,9.0,88,81,85.5
2019-09-09,1,14.0,13.0,13.75,1013,1007,1009.75,19,11,14.25,93,89,92.0
2019-09-10,0,15.0,13.0,14.0,1021,1016,1018.75,17,8,12.25,91,81,85.5
2019-09-11,0,15.0,12.0,13.75,1020,1017,1018.5,18,10,15.5,85,74,81.25
2019-09-12,0,16.0,13.0,14.75,1022,1019,1020.75,10,9,9.5,80,52,64.75
2019-09-13,0,15.0,12.0,14.0,1025,1022,1023.25,23,8,14.5,91,67,75.5
2019-09-14,0,18.0,14.0,16.0,1020,1011,1015.75,19,15,16.0,83,62,72.75
2019-09-15,0,19.0,15.0,16.75,1011,1008,1009.75,18,7,11.5,99,74,87.75
2019-09-16,0,20.0,15.0,17.25,1019,1015,1018.0,14,5,11.25,62,40,49.5
2019-09-17,0,23.0,14.0,19.25,1018,1008,1012.25,19,5,12.75,47,26,37.25
2019-09-18,0,18.0,16.0,17.0,1012,1004,1008.5,12,7,9.5,72,48,55.5
2019-09-19,0,19.0,15.0,17.5,1015,1002,1008.25,19,8,13.25,67,25,41.75
2019-09-20,0,20.0,12.0,17.25,1019,1018,1018.5,20,4,11.0,34,18,26.5
2019-09-21,0,24.0,14.0,20.25,1022,1018,1019.75,22,10,16.0,34,19,27.5
2019-09-22,0,15.0,14.0,14.5,1030,1026,1028.75,24,14,19.0,54,38,46.0
2019-09-23,0,18.0,14.0,16.0,1028,1023,1025.5,23,11,16.75,69,55,60.25
2019-09-24,0,20.0,15.0,18.5,1023,1021,1022.0,11,5,8.75,71,55,63.25
2019-09-25,0,30.0,18.0,25.0,1021,1018,1019.25,11,5,8.25,52,25,39.5
2019-09-26,0,23.0,18.0,20.0,1024,1019,1021.5,31,8,19.0,72,56,66.75
2019-09-27,0,18.0,15.0,16.25,1024,1020,1022.25,29,25,26.25,76,69,73.0
2019-09-28,0,20.0,16.0,18.0,1020,1014,1017.25,23,13,17.0,81,61,73.5
2019-09-29,0,23.0,18.0,21.0,1013,1006,1010.25,13,10,11.25,79,70,73.5
2019-09-30,1,26.0,20.0,22.75,1003,1000,1001.5,20,13,16.0,75,62,69.75
2019-10-01,1,18.0,13.0,15.5,1011,1003,1007.25,23,17,18.75,89,49,74.5
2019-10-02,0,17.0,14.0,15.75,1025,1014,1019.25,29,19,23.5,59,50,56.5
2019-10-03,1,14.0,11.0,12.75,1027,1024,1025.75,41,19,31.5,78,67,72.0
2019-10-04,1,15.0,14.0,14.25,1022,1017,1019.0,36,8,23.0,96,82,91.5
2019-10-05,1,19.0,14.0,17.0,1022,1018,1020.25,10,9,9.5,94,48,69.75
2019-10-06,0,19.0,14.0,17.5,1023,1017,1020.75,20,8,13.25,71,52,61.75
2019-10-07,0,25.0,17.0,22.0,1014,1014,1014.0,24,5,15.25,68,27,48.0
2019-10-08,0,26.0,19.0,23.75,1018,1016,1017.0,12,5,8.0,38,17,29.25
2019-10-09,1,23.0,20.0,21.25,1017,1012,1014.75,14,7,11.0,79,50,67.75
2019-10-10,0,26.0,19.0,23.0,1012,1006,1009.5,11,9,10.0,84,68,78.0
2019-10-11,1,22.0,20.0,21.5,1009,1005,1008.0,17,7,13.5,92,84,87.5
2019-10-12,1,20.0,19.0,19.75,1008,1005,1006.75,40,9,26.25,93,87,90.0
2019-10-13,0,19.0,18.0,18.75,1023,1010,1016.5,32,8,19.25,91,52,72.5
2019-10-14,0,13.0,11.0,12.0,1031,1028,1029.5,33,22,26.0,64,56,59.5
2019-10-15,1,14.0,11.0,13.25,1031,1027,1029.0,32,13,23.0,83,71,77.25
2019-10-16,1,16.0,14.0,15.25,1025,1019,1022.25,29,23,27.5,95,87,90.75
2019-10-17,1,18.0,16.0,17.0,1018,1013,1014.75,28,8,19.75,95,88,93.25
2019-10-18,0,24.0,16.0,21.25,1021,1016,1018.5,18,6,11.0,93,32,58.25
2019-10-19,0,20.0,18.0,19.0,1024,1022,1022.75,23,3,11.0,69,54,59.75
2019-10-20,0,16.0,15.0,15.75,1021,1018,1019.75,20,15,16.75,79,67,73.75
2019-10-21,1,18.0,15.0,16.5,1018,1016,1016.75,10,4,6.75,92,68,79.25
2019-10-22,0,22.0,17.0,20.0,1017,1015,1015.5,18,12,14.0,79,29,49.75
2019-10-23,0,22.0,16.0,19.75,1017,1014,1015.25,16,10,11.5,67,39,51.75
2019-10-24,0,26.0,17.0,23.0,1015,1014,1014.5,11,3,7.5,62,25,51.25
2019-10-25,0,29.0,19.0,25.75,1017,1013,1015.0,13,7,10.0,68,38,54.0
2019-10-26,0,27.0,22.0,25.0,1012,1007,1009.25,17,11,13.75,71,52,60.0
2019-10-27,0,26.0,22.0,23.5,1008,1006,1007.25,21,13,18.0,77,69,71.75
2019-10-28,1,23.0,18.0,20.75,1006,1004,1004.75,15,10,12.75,92,83,87.5
2019-10-29,0,19.0,16.0,18.0,1010,1007,1008.75,28,12,20.5,88,77,83.75
2019-10-30,0,22.0,17.0,20.25,1018,1010,1014.0,25,15,21.5,88,67,75.75
2019-10-31,0,22.0,18.0,20.25,1021,1017,1019.25,31,16,23.0,74,55,66.75
2019-11-01,1,22.0,20.0,21.0,1018,1010,1014.0,30,4,18.5,85,79,81.75
2019-11-02,0,27.0,22.0,25.0,1013,1009,1011.0,12,7,10.0,86,38,60.5
2019-11-03,0,21.0,17.0,19.5,1014,1008,1011.25,14,11,12.75,80,60,68.75
2019-11-04,1,22.0,21.0,21.5,1006,1004,1005.25,13,7,9.5,91,83,87.25
2019-11-05,0,23.0,20.0,21.75,1016,1011,1014.25,12,4,8.0,91,58,72.5
2019-11-06,0,26.0,22.0,23.75,1017,1012,1015.0,16,6,12.25,74,62,69.0
2019-11-07,0,30.0,21.0,26.75,1014,1011,1012.5,31,16,20.0,65,41,53.25
2019-11-08,0,22.0,16.0,19.75,1016,1013,1014.5,32,20,26.25,72,66,68.0
2019-11-09,1,23.0,20.0,21.75,1018,1016,1016.75,25,18,23.25,80,72,75.25
2019-11-10,0,22.0,19.0,21.0,1021,1019,1020.25,31,21,24.75,77,66,71.0
2019-11-11,0,23.0,21.0,22.25,1022,1017,1019.75,28,19,23.5,74,72,73.0
2019-11-12,0,25.0,21.0,23.0,1017,1010,1013.75,25,16,19.25,81,73,78.0
2019-11-13,0,27.0,23.0,25.25,1009,1007,1008.0,10,4,6.75,84,70,78.0
2019-11-14,0,30.0,25.0,27.75,1013,1008,1010.5,14,3,9.5,64,29,51.0
2019-11-15,0,26.0,23.0,24.75,1015,1010,1012.5,16,11,13.0,66,53,61.0
2019-11-16,0,25.0,21.0,23.5,1012,1009,1010.5,20,10,15.25,80,64,71.25
2019-11-17,0,29.0,21.0,26.0,1011,1010,1010.25,13,7,9.0,82,58,69.25
2019-11-18,0,30.0,26.0,27.5,1015,1011,1013.25,13,6,8.5,78,67,71.0
2019-11-19,0,27.0,24.0,26.0,1017,1013,1014.75,21,7,15.5,77,64,72.25
2019-11-20,0,32.0,26.0,29.25,1014,1011,1012.25,16,11,13.75,69,52,62.75
2019-11-21,0,28.0,25.0,26.75,1013,1010,1011.25,31,19,24.75,85,72,79.0
2019-11-22,1,25.0,23.0,23.5,1020,1012,1015.75,24,16,19.5,82,49,66.5
2019-11-23,0,22.0,15.0,19.5,1023,1020,1021.5,37,18,26.0,70,56,63.5
2019-11-24,0,25.0,19.0,22.5,1019,1011,1015.75,34,21,27.25,67,54,61.5
2019-11-25,1,21.0,18.0,20.25,1012,1007,1009.75,30,7,18.25,81,68,75.75
2019-11-26,0,25.0,20.0,22.75,1011,1007,1009.75,11,5,8.0,86,42,66.5
2019-11-27,0,28.0,20.0,25.25,1014,1012,1013.0,14,6,9.0,42,27,33.0
2019-11-28,0,28.0,22.0,25.75,1014,1009,1011.75,17,2,11.0,55,44,49.5
2019-11-29,0,29.0,23.0,26.0,1008,1004,1006.25,20,6,15.25,72,57,64.0
2019-11-30,0,28.0,23.0,26.5,1011,1008,1009.5,15,4,9.5,57,23,34.5
2019-12-01,0,25.0,19.0,22.75,1021,1017,1019.5,17,9,13.0,47,20,29.75
2019-12-02,0,25.0,20.0,22.75,1020,1013,1017.25,13,9,11.25,53,43,48.25
2019-12-03,0,24.0,21.0,22.75,1012,1009,1010.5,22,8,16.0,64,49,57.0
2019-12-04,0,24.0,20.0,22.75,1012,1010,1010.75,11,4,8.25,74,48,58.75
2019-12-05,0,25.0,16.0,21.5,1015,1010,1012.75,11,8,9.0,67,35,49.5
2019-12-06,0,27.0,21.0,25.5,1012,1008,1010.0,18,13,15.25,55,42,48.5
2019-12-07,0,24.0,20.0,22.5,1016,1013,1014.75,15,7,10.5,57,38,44.0
2019-12-08,0,29.0,22.0,27.0,1012,1009,1010.5,20,13,16.75,57,47,51.0
2019-12-09,0,31.0,24.0,28.5,1012,1008,1010.0,16,8,12.5,64,52,58.25
2019-12-10,0,36.0,27.0,32.5,1009,1007,1007.75,20,11,16.0,50,31,40.75
2019-12-11,0,34.0,29.0,31.25,1006,1003,1004.5,16,6,11.5,59,46,52.5
2019-12-12,0,25.0,23.0,24.25,1014,1003,1008.5,19,15,17.5,71,28,41.25
2019-12-13,0,24.0,18.0,21.5,1017,1013,1015.5,16,13,14.5,47,30,40.5
2019-12-14,0,28.0,23.0,25.5,1014,1010,1012.25,16,11,13.5,65,51,55.5
2019-12-15,1,23.0,20.0,21.75,1009,1006,1007.5,10,8,9.0,88,67,78.25
2019-12-16,1,26.0,19.0,23.75,1011,1009,1009.75,14,5,10.0,75,56,65.25
2019-12-17,0,26.0,22.0,24.0,1014,1012,1013.5,29,8,17.0,74,58,67.0
2019-12-18,0,30.0,23.0,27.5,1014,1011,1012.5,22,14,17.75,69,52,59.5
2019-12-19,0,31.0,26.0,28.25,1013,1009,1010.75,23,12,18.0,63,44,56.25
2019-12-20,1,26.0,21.0,23.5,1009,1008,1008.5,19,13,14.5,85,67,78.25
2019-12-21,0,24.0,18.0,21.25,1012,1009,1010.75,18,13,15.0,82,44,61.0
2019-12-22,0,26.0,17.0,22.75,1017,1015,1015.75,14,7,11.0,65,27,45.0
2019-12-23,0,28.0,21.0,26.0,1014,1009,1012.25,17,12,14.25,69,39,50.0
2019-12-24,0,31.0,24.0,28.0,1008,1004,1005.75,22,12,18.75,65,45,57.25
2019-12-25,1,27.0,19.0,22.75,1016,1010,1014.0,23,14,17.75,85,44,56.5
2019-12-26,1,25.0,20.0,23.0,1016,1012,1014.25,29,20,24.25,89,65,75.0
2019-12-27,1,30.0,24.0,26.5,1014,1010,1012.25,20,10,13.25,93,76,83.0
2019-12-28,0,30.0,27.0,28.0,1014,1009,1011.25,15,7,10.0,85,74,79.75
2019-12-29,0,31.0,25.0,27.75,1013,1011,1011.75,19,3,11.25,84,65,74.5
2019-12-30,1,26.0,24.0,25.25,1011,1007,1009.5,24,13,17.5,93,73,86.25
2019-12-31,1,28.0,24.0,26.25,1008,1006,1006.75,16,9,12.5,93,68,79.25
2020-01-01,0,25.0,22.0,24.0,1015,1011,1013.25,24,15,19.75,82,69,73.75
2020-01-02,0,25.0,21.0,23.75,1019,1016,1017.75,32,11,22.75,84,66,76.5
2020-01-03,0,26.0,23.0,24.5,1022,1017,1019.5,25,19,22.75,78,66,73.25
2020-01-04,0,27.0,24.0,25.75,1016,1009,1013.5,18,14,15.75,72,53,62.25
2020-01-05,0,28.0,24.0,26.75,1008,1001,1004.75,19,8,12.0,72,48,62.75
2020-01-06,0,28.0,22.0,25.25,1005,1003,1003.5,18,12,15.5,71,33,50.25
2020-01-07,0,30.0,22.0,27.0,1010,1007,1008.0,20,6,14.0,50,31,41.5
2020-01-08,0,30.0,24.0,27.75,1009,1003,1006.5,17,12,15.25,57,46,52.0
2020-01-09,0,28.0,27.0,27.5,1009,1004,1007.25,20,15,17.5,69,54,61.25
2020-01-10,0,28.0,25.0,26.5,1010,1010,1010.0,19,10,15.0,73,63,68.0
2020-01-11,0,29.0,25.0,27.5,1013,1011,1011.5,12,7,9.0,68,53,61.5
2020-01-12,0,28.0,25.0,27.0,1016,1013,1015.25,39,11,25.5,69,54,61.25
2020-01-13,0,27.0,23.0,25.25,1017,1011,1014.75,30,23,27.75,75,48,60.25
2020-01-14,0,28.0,24.0,26.5,1010,1004,1007.75,19,5,12.0,83,69,78.5
2020-01-15,1,28.0,23.0,26.25,1009,1001,1004.5,15,8,10.5,91,43,73.25
2020-01-16,0,26.0,20.0,23.25,1020,1016,1018.5,18,8,13.0,44,30,35.25
2020-01-17,0,25.0,21.0,23.25,1022,1019,1020.5,17,11,14.25,63,51,54.75
2020-01-18,0,28.0,23.0,26.25,1018,1014,1016.5,17,11,14.25,60,48,56.25
2020-01-19,0,31.0,25.0,28.0,1014,1010,1012.25,15,10,11.75,75,61,66.5
2020-01-20,0,31.0,26.0,29.5,1010,1008,1009.25,14,8,10.75,86,62,74.0
2020-01-21,1,28.0,25.0,26.5,1010,1008,1009.5,20,8,12.75,83,78,80.5
2020-01-22,0,28.0,25.0,26.5,1014,1011,1013.25,28,16,22.5,84,72,77.25
2020-01-23,0,28.0,25.0,26.75,1016,1012,1014.25,16,13,14.25,77,66,72.25
2020-01-24,0,31.0,28.0,29.5,1013,1007,1010.25,21,16,18.25,72,53,63.0
2020-01-25,0,35.0,27.0,31.5,1007,1005,1005.75,21,9,13.0,76,45,60.0
2020-01-26,0,33.0,26.0,30.5,1008,1006,1007.0,12,7,10.25,71,28,47.5
2020-01-27,0,24.0,22.0,23.0,1017,1013,1015.75,24,19,21.75,59,47,54.25
2020-01-28,0,28.0,20.0,24.75,1015,1006,1011.0,20,13,15.5,70,52,60.25
2020-01-29,0,27.0,21.0,25.0,1013,1007,1009.5,22,10,14.75,68,61,64.75
2020-01-30,0,25.0,18.0,22.25,1016,1014,1014.75,19,9,14.75,61,36,51.0
2020-01-31,0,26.0,21.0,24.0,1015,1013,1014.0,15,10,12.0,56,42,49.25
2020-02-01,0,28.0,24.0,26.5,1015,1010,1012.25,12,10,10.75,64,52,60.75
2020-02-02,0,31.0,26.0,28.75,1014,1011,1012.75,14,8,10.0,70,52,62.5
2020-02-03,0,32.0,27.0,29.75,1015,1011,1013.5,23,13,16.75,74,58,66.75
2020-02-04,0,32.0,28.0,30.0,1012,1008,1010.5,26,14,18.25,75,61,69.5
2020-02-05,1,30.0,27.0,29.0,1010,1009,1009.25,17,12,15.5,79,67,71.5
2020-02-06,0,33.0,28.0,31.0,1011,1009,1010.25,18,10,14.0,76,64,72.5
2020-02-07,1,30.0,25.0,28.0,1014,1011,1012.75,22,6,15.75,90,75,81.5
2020-02-08,1,26.0,25.0,25.5,1016,1014,1015.25,27,13,19.5,89,63,73.0
2020-02-09,0,25.0,20.0,22.75,1020,1018,1019.5,17,14,15.5,73,42,59.5
2020-02-10,0,23.0,18.0,21.25,1023,1021,1021.75,21,10,14.75,65,56,60.25
2020-02-11,0,25.0,21.0,23.25,1022,1019,1020.5,27,16,20.5,69,54,64.0
2020-02-12,0,26.0,23.0,25.0,1018,1013,1016.25,26,18,21.75,74,61,69.5
2020-02-13,0,28.0,25.0,27.0,1013,1008,1011.0,25,15,18.25,75,64,70.75
2020-02-14,0,30.0,26.0,28.0,1009,1008,1008.25,10,5,7.75,74,43,56.25
2020-02-15,0,30.0,25.0,27.75,1009,1007,1008.25,13,3,7.75,73,56,65.25
2020-02-16,0,31.0,28.0,29.75,1008,1005,1006.25,22,8,12.75,77,68,73.5
2020-02-17,0,29.0,24.0,26.5,1005,1002,1003.75,20,11,15.25,90,73,78.25
2020-02-18,0,26.0,22.0,24.0,1011,1004,1008.25,13,7,11.5,87,54,66.75
2020-02-19,0,29.0,22.0,26.0,1011,1009,1010.0,18,5,9.5,68,42,54.25
2020-02-20,0,24.0,21.0,22.25,1019,1014,1017.5,20,12,15.75,54,33,42.0
2020-02-21,0,22.0,18.0,20.25,1023,1022,1022.75,14,9,12.25,60,39,50.0
2020-02-22,0,20.0,17.0,18.75,1026,1021,1023.75,16,10,13.25,67,58,61.5
2020-02-23,0,25.0,19.0,23.0,1020,1013,1017.0,14,11,12.25,74,57,67.5
2020-02-24,0,28.0,23.0,25.75,1011,1005,1008.0,19,12,16.5,71,51,61.0
2020-02-25,0,25.0,22.0,23.75,1011,1007,1009.75,17,8,11.5,60,47,50.75
2020-02-26,0,23.0,21.0,22.0,1015,1013,1014.0,15,10,11.75,70,59,65.0
2020-02-27,0,27.0,22.0,25.0,1015,1012,1014.0,14,8,11.75,64,51,59.25
2020-02-28,0,28.0,24.0,27.0,1017,1013,1015.25,24,8,13.25,77,57,67.5
2020-02-29,0,29.0,22.0,26.25,1020,1018,1018.5,20,8,12.5,81,71,75.5
2020-03-01,0,30.0,26.0,28.5,1020,1018,1018.75,10,9,9.25,70,61,66.0
2020-03-02,0,31.0,27.0,28.25,1020,1018,1018.5,19,11,15.0,69,56,63.75
2020-03-03,0,29.0,26.0,27.5,1018,1015,1016.5,24,14,16.75,73,60,67.5
2020-03-04,0,29.0,25.0,27.0,1017,1016,1016.75,26,8,15.5,73,60,67.25
2020-03-05,0,27.0,25.0,26.0,1019,1017,1017.75,22,13,16.75,74,62,68.5
2020-03-06,0,27.0,24.0,25.5,1017,1013,1015.5,20,11,14.75,76,64,71.75
2020-03-07,0,30.0,24.0,27.0,1012,1008,1010.25,16,11,13.0,76,59,70.25
2020-03-08,0,31.0,27.0,28.25,1011,1008,1009.75,14,6,10.5,65,55,60.75
2020-03-09,1,27.0,23.0,24.75,1018,1013,1016.0,29,10,22.0,74,70,71.75
2020-03-10,0,25.0,21.0,23.0,1019,1016,1017.75,33,24,29.5,77,67,72.25
2020-03-11,1,23.0,21.0,22.0,1014,1010,1012.75,24,21,22.25,94,80,88.0
2020-03-12,0,26.0,22.0,24.75,1012,1011,1011.75,10,5,7.5,92,72,82.0
2020-03-13,0,27.0,24.0,26.25,1014,1010,1012.25,17,14,15.25,82,78,80.5
2020-03-14,1,27.0,22.0,24.75,1016,1009,1013.25,18,9,13.25,90,84,86.5
2020-03-15,0,22.0,20.0,21.0,1019,1018,1018.75,17,9,12.25,79,67,73.5
2020-03-16,0,21.0,20.0,20.5,1019,1015,1017.0,19,14,16.25,74,64,69.5
2020-03-17,1,27.0,21.0,24.25,1014,1012,1013.25,23,11,16.5,87,75,81.75
2020-03-18,1,23.0,21.0,21.75,1012,1011,1011.5,15,5,11.0,91,80,86.25
2020-03-19,0,25.0,20.0,22.75,1012,1010,1011.25,14,5,10.0,85,54,69.0
2020-03-20,0,27.0,20.0,24.5,1013,1011,1012.0,13,3,7.5,78,58,69.25
2020-03-21,0,27.0,20.0,24.5,1013,1011,1012.0,12,5,8.75,76,60,67.0
2020-03-22,0,27.0,24.0,25.5,1017,1014,1016.25,14,6,9.0,75,55,67.75
2020-03-23,0,28.0,25.0,26.25,1019,1015,1017.0,18,13,16.0,66,56,60.5
2020-03-24,0,28.0,24.0,26.0,1015,1012,1013.75,14,10,11.75,79,67,73.75
2020-03-25,0,26.0,24.0,24.75,1017,1011,1014.5,17,12,13.75,80,71,77.0
2020-03-26,0,25.0,22.0,24.0,1017,1014,1016.0,23,16,19.25,86,79,83.25
2020-03-27,0,26.0,24.0,25.0,1014,1012,1013.25,16,11,13.5,82,73,76.75
2020-03-28,0,25.0,24.0,24.5,1013,1011,1012.0,11,9,10.5,82,80,81.5
2020-03-29,0,30.0,25.0,27.25,1016,1013,1014.75,13,8,9.75,83,72,77.75
2020-03-30,0,26.0,24.0,24.75,1018,1016,1017.0,26,12,18.0,90,77,83.25
2020-03-31,1,24.0,23.0,23.25,1019,1016,1017.5,32,27,29.25,82,74,80.0
2020-04-01,0,24.0,22.0,22.75,1015,1012,1013.25,20,9,13.25,89,79,83.0
2020-04-02,0,22.0,19.0,20.5,1020,1015,1018.0,15,14,14.75,80,46,61.5
2020-04-03,0,20.0,17.0,19.25,1020,1014,1017.5,11,8,9.75,74,64,69.25
2020-04-04,0,24.0,19.0,22.0,1013,1010,1011.75,17,8,13.75,74,50,66.25
2020-04-05,0,23.0,20.0,21.5,1011,1010,1010.5,9,4,7.5,79,67,74.0
2020-04-06,0,21.0,18.0,19.0,1022,1012,1018.0,16,8,12.5,77,32,53.25
2020-04-07,0,18.0,14.0,16.75,1025,1024,1024.75,10,8,8.75,63,44,55.0
2020-04-08,0,17.0,14.0,15.75,1027,1024,1025.5,15,6,9.25,68,57,62.75
2020-04-09,0,20.0,15.0,17.75,1025,1023,1024.0,19,5,12.75,72,61,68.25
2020-04-10,0,20.0,16.0,18.5,1023,1020,1021.5,24,6,14.0,82,66,75.5
2020-04-11,0,22.0,18.0,20.0,1020,1018,1018.75,18,10,15.0,82,69,77.5
2020-04-12,0,22.0,18.0,20.5,1018,1014,1016.5,18,9,12.5,88,67,75.75
2020-04-13,1,20.0,16.0,19.0,1013,1011,1012.0,16,7,11.25,92,69,79.0
2020-04-14,0,20.0,13.0,17.25,1014,1013,1013.25,15,11,12.0,81,46,61.75
2020-04-15,0,20.0,14.0,18.0,1019,1015,1017.25,12,5,9.5,71,41,58.5
2020-04-16,0,18.0,15.0,17.0,1025,1021,1023.5,9,2,5.0,70,61,67.25
2020-04-17,0,20.0,17.0,18.25,1027,1024,1025.25,11,7,8.75,88,79,83.25
2020-04-18,0,23.0,18.0,20.75,1024,1020,1022.0,16,8,12.0,82,69,76.25
2020-04-19,0,24.0,20.0,22.0,1019,1017,1018.25,17,3,11.25,80,68,76.75
2020-04-20,0,25.0,18.0,21.75,1017,1015,1016.0,8,1,4.5,95,73,83.5
2020-04-21,0,21.0,17.0,19.0,1020,1017,1018.75,28,10,20.75,82,69,75.5
2020-04-22,0,20.0,16.0,18.25,1020,1016,1018.25,21,15,18.0,84,76,79.75
2020-04-23,0,21.0,18.0,20.0,1016,1011,1014.25,18,15,16.25,91,83,87.5
2020-04-24,1,22.0,21.0,21.75,1009,1008,1008.5,18,12,14.5,79,71,76.25
2020-04-25,0,22.0,18.0,20.0,1020,1010,1015.25,27,15,20.0,89,82,84.5
2020-04-26,0,20.0,17.0,19.0,1025,1023,1024.5,37,23,31.0,88,80,83.5
2020-04-27,1,20.0,19.0,19.5,1024,1015,1019.5,25,11,17.5,92,84,87.75
2020-04-28,1,21.0,18.0,19.75,1012,1009,1010.5,29,9,18.75,95,88,92.0
2020-04-29,1,22.0,18.0,20.25,1017,1012,1015.5,17,6,12.0,88,42,60.75
2020-04-30,0,20.0,16.0,18.25,1020,1018,1019.5,8,2,5.25,83,61,69.25
2020-05-01,0,22.0,15.0,19.5,1022,1020,1021.0,13,3,8.25,92,52,67.75
2020-05-02,0,18.0,15.0,16.75,1024,1022,1023.25,23,7,13.25,84,77,79.5
2020-05-03,0,20.0,16.0,17.75,1027,1017,1021.25,22,6,13.75,83,72,76.5
2020-05-04,1,19.0,17.0,18.0,1027,1009,1015.25,15,5,9.25,87,82,84.5
2020-05-05,0,16.0,15.0,15.25,1019,1008,1013.25,18,10,14.75,89,60,70.25
2020-05-06,0,16.0,11.0,14.0,1025,1022,1024.0,10,3,7.75,81,61,72.25
2020-05-07,0,18.0,13.0,16.25,1025,1023,1024.25,12,4,7.75,77,45,61.25
2020-05-08,0,18.0,12.0,15.75,1022,1017,1020.0,21,8,14.25,73,58,66.75
2020-05-09,0,20.0,15.0,17.5,1015,1011,1013.5,22,13,16.5,77,59,70.0
2020-05-10,0,23.0,17.0,20.5,1010,1005,1007.5,14,6,10.0,74,63,69.5
2020-05-11,0,21.0,16.0,19.0,1017,1010,1014.5,10,2,7.5,61,38,46.25
2020-05-12,0,16.0,13.0,14.75,1018,1017,1017.5,10,1,5.5,76,64,72.0
2020-05-13,0,20.0,12.0,17.25,1021,1017,1019.0,12,1,8.0,87,41,63.25
2020-05-14,0,14.0,12.0,13.0,1025,1020,1023.0,11,4,8.25,72,58,66.0
2020-05-15,0,21.0,13.0,17.25,1018,1013,1015.5,21,16,18.25,73,44,56.5
2020-05-16,0,27.0,18.0,22.25,1012,1010,1010.75,16,13,14.25,57,45,52.0
2020-05-17,0,25.0,19.0,21.75,1018,1012,1014.75,15,8,11.25,75,60,65.25
2020-05-18,0,20.0,16.0,17.75,1020,1016,1018.0,20,7,12.75,82,72,77.75
2020-05-19,0,22.0,17.0,19.5,1016,1012,1014.0,11,6,8.5,83,70,78.25
2020-05-20,0,22.0,18.0,20.5,1013,1009,1010.75,9,3,5.75,87,73,82.0
2020-05-21,1,19.0,14.0,16.0,1017,1010,1013.5,19,10,15.0,91,85,88.0
2020-05-22,0,16.0,13.0,15.0,1024,1019,1021.5,20,17,18.5,87,74,80.75
2020-05-23,0,17.0,12.0,14.75,1024,1021,1022.75,14,5,10.25,85,50,68.75
2020-05-24,0,17.0,12.0,14.75,1019,1008,1013.5,23,5,16.75,67,48,57.75
2020-05-25,0,17.0,16.0,16.5,1018,1008,1013.25,19,11,16.0,65,52,59.75
2020-05-26,0,16.0,14.0,14.75,1019,1017,1017.75,8,4,6.5,91,73,80.0
2020-05-27,0,18.0,14.0,16.0,1017,1015,1016.0,12,8,10.25,87,76,82.25
2020-05-28,0,17.0,15.0,15.75,1017,1015,1016.0,11,7,8.5,87,79,83.75
2020-05-29,0,18.0,13.0,15.75,1016,1013,1014.5,11,0,7.75,96,75,88.0
2020-05-30,0,15.0,11.0,13.75,1016,1013,1014.0,17,4,10.75,95,70,84.75
2020-05-31,0,14.0,9.0,11.5,1020,1017,1018.5,19,9,14.5,73,56,64.75
2020-06-01,0,14.0,11.0,11.75,1023,1022,1022.5,9,3,7.0,76,56,69.75
2020-06-02,0,14.0,8.0,11.75,1022,1019,1020.75,10,3,8.0,85,69,77.25
2020-06-03,0,14.0,11.0,12.75,1026,1021,1023.5,9,6,7.5,78,70,73.25
2020-06-04,0,13.0,11.0,12.0,1027,1023,1025.5,15,9,10.75,95,83,90.0
2020-06-05,0,16.0,12.0,14.5,1022,1016,1019.25,20,14,17.25,97,90,93.0
2020-06-06,1,17.0,15.0,16.25,1015,1013,1014.0,27,16,23.75,94,88,90.75
2020-06-07,0,16.0,15.0,15.75,1017,1015,1016.25,5,5,5.0,97,88,92.5
2020-06-08,1,17.0,15.0,15.75,1017,1015,1016.0,7,1,4.5,97,80,91.0
2020-06-09,0,17.0,13.0,15.25,1016,1013,1014.5,7,2,4.75,97,82,89.25
2020-06-10,0,17.0,12.0,14.5,1013,1012,1012.25,10,3,7.25,96,84,91.25
2020-06-11,0,15.0,12.0,14.0,1013,1008,1010.5,13,2,7.25,98,87,91.0
2020-06-12,0,19.0,15.0,17.25,1011,1005,1007.0,16,3,8.5,89,56,75.75
2020-06-13,0,14.0,9.0,11.0,1028,1016,1022.25,18,8,14.75,39,23,33.0
2020-06-14,0,12.0,7.0,10.25,1029,1026,1027.75,12,5,8.25,60,50,54.25
2020-06-15,0,14.0,11.0,12.5,1025,1018,1021.75,19,11,15.75,79,59,66.25
2020-06-16,0,20.0,15.0,17.75,1017,1013,1015.25,12,8,10.25,91,79,86.25
2020-06-17,0,22.0,18.0,20.25,1012,1002,1006.25,15,6,10.0,93,75,84.5
2020-06-18,1,20.0,16.0,18.0,1011,1001,1006.25,18,7,12.75,93,65,78.75
2020-06-19,0,15.0,13.0,14.0,1012,1010,1011.0,13,6,9.5,98,85,90.0
2020-06-20,1,14.0,12.0,13.0,1015,1009,1012.25,23,3,14.0,97,85,91.0
2020-06-21,0,18.0,13.0,15.5,1018,1009,1013.5,28,7,14.0,91,63,76.25
2020-06-22,0,15.0,12.0,13.75,1020,1008,1014.75,20,11,16.25,92,78,85.75
2020-06-23,1,15.0,14.0,14.25,1007,1005,1006.0,16,5,9.0,96,82,91.25
2020-06-24,0,15.0,13.0,14.0,1009,1005,1006.5,20,13,15.75,83,69,78.75
2020-06-25,0,13.0,10.0,11.5,1020,1012,1016.75,15,8,11.0,73,50,60.0
2020-06-26,0,14.0,9.0,12.0,1023,1021,1022.25,8,1,5.25,63,39,52.75
2020-06-27,0,15.0,10.0,12.75,1024,1023,1023.5,9,2,5.25,63,54,58.75
2020-06-28,0,12.0,9.0,10.75,1024,1022,1023.0,21,6,12.25,83,66,74.0
2020-06-29,1,13.0,11.0,12.25,1022,1013,1017.25,28,18,23.5,91,69,77.25
2020-06-30,1,13.0,11.0,12.0,1011,1006,1008.5,21,8,16.75,98,87,94.0
2020-07-01,0,9.0,8.0,8.75,1020,1016,1018.25,14,5,10.0,85,63,74.5
2020-07-02,0,11.0,7.0,9.0,1021,1019,1020.25,12,5,8.75,81,64,75.5
2020-07-03,0,14.0,8.0,11.75,1018,1012,1015.25,19,15,16.25,79,69,75.0
2020-07-04,0,14.0,11.0,12.5,1012,866,975.0,24,8,13.75,76,74,75.0
2020-07-05,1,14.0,11.0,12.25,1020,1013,1016.5,16,6,10.0,80,62,72.5
2020-07-06,0,12.0,8.0,10.0,1025,1023,1024.0,8,6,7.25,78,66,72.5
2020-07-07,0,10.0,9.0,9.5,1025,1023,1023.75,29,10,19.75,85,66,75.75
2020-07-08,0,13.0,8.0,10.75,1022,1019,1020.25,10,3,7.0,82,61,71.75
2020-07-09,0,15.0,10.0,12.5,1020,1016,1018.5,15,8,12.75,71,39,59.75
2020-07-10,0,13.0,10.0,11.75,1012,1009,1011.0,27,9,18.25,77,68,73.5
2020-07-11,0,14.0,10.0,11.75,1016,1011,1013.75,13,6,9.25,77,49,61.75
2020-07-12,0,15.0,10.0,12.5,1016,1012,1013.5,12,6,9.5,55,31,40.25
2020-07-13,0,12.0,10.0,11.0,1023,1017,1020.0,16,10,12.25,49,36,41.25
2020-07-14,0,13.0,7.0,10.5,1025,1024,1024.25,8,4,6.0,46,26,39.0
2020-07-15,0,12.0,7.0,10.0,1025,1022,1023.5,11,3,7.25,72,50,60.5
2020-07-16,0,13.0,10.0,11.25,1022,1019,1020.75,11,7,8.5,84,65,71.0
2020-07-17,0,14.0,11.0,12.25,1020,1012,1016.5,12,9,11.0,91,79,83.25
2020-07-18,0,16.0,13.0,14.75,1010,1008,1009.25,11,6,8.0,99,96,98.0
2020-07-19,0,21.0,13.0,17.5,1009,1008,1008.5,16,4,9.0,100,78,90.25
2020-07-20,0,22.0,16.0,18.25,1010,1009,1009.75,8,2,5.75,96,74,88.0
2020-07-21,0,16.0,14.0,15.0,1011,1009,1010.5,13,7,10.25,100,96,98.25
2020-07-22,0,15.0,14.0,14.5,1011,1011,1011.0,9,4,6.75,100,92,97.25
2020-07-23,1,15.0,12.0,13.5,1012,1011,1011.75,12,6,8.25,95,90,92.75
2020-07-24,0,11.0,8.0,9.75,1017,1013,1015.5,17,11,13.75,83,55,69.0
2020-07-25,0,14.0,8.0,11.25,1020,1018,1019.0,13,8,10.0,62,40,53.25
2020-07-26,0,16.0,9.0,13.25,1019,1014,1016.75,19,7,12.75,68,52,61.5
2020-07-27,0,14.0,10.0,12.0,1020,1014,1016.5,15,9,12.0,67,40,51.0
2020-07-28,0,12.0,7.0,10.25,1026,1023,1024.5,11,6,8.75,57,41,48.75
2020-07-29,0,12.0,6.0,10.0,1029,1027,1028.0,12,3,7.25,66,50,58.75
2020-07-30,0,14.0,11.0,12.25,1028,1023,1026.0,17,12,14.25,69,58,65.75
2020-07-31,0,12.0,11.0,11.5,1024,1023,1023.5,15,8,10.25,84,73,77.75
2020-08-01,0,16.0,11.0,14.0,1024,1016,1020.0,15,10,13.0,91,80,87.25
2020-08-02,0,20.0,16.0,18.5,1023,1017,1019.75,20,6,10.75,90,81,85.5
2020-08-03,0,20.0,13.0,16.25,1024,1020,1022.0,21,7,15.0,96,82,89.25
2020-08-04,0,21.0,15.0,18.25,1021,1018,1019.75,10,3,7.25,89,72,80.0
2020-08-05,0,22.0,18.0,20.0,1017,1013,1014.5,9,3,6.75,83,72,76.75
2020-08-06,0,20.0,13.0,16.75,1027,1018,1023.75,23,16,19.5,75,42,54.5
2020-08-07,0,13.0,11.0,11.75,1026,1024,1025.0,27,24,25.75,97,84,89.5
2020-08-08,0,17.0,13.0,15.0,1023,1018,1020.5,22,2,12.5,100,97,98.0
2020-08-09,0,17.0,14.0,14.75,1018,1008,1014.0,18,6,11.25,100,97,99.25
2020-08-10,0,17.0,15.0,16.25,1015,1007,1010.25,15,6,12.25,96,27,56.75
2020-08-11,0,14.0,11.0,12.5,1021,1019,1019.5,12,5,9.75,35,20,30.0
2020-08-12,0,15.0,8.0,12.5,1019,1014,1016.75,16,4,8.75,45,31,40.0
2020-08-13,0,18.0,10.0,14.5,1015,1012,1013.25,14,5,10.75,60,32,48.0
2020-08-14,0,17.0,11.0,14.5,1011,1009,1010.0,8,3,6.0,80,72,77.25
2020-08-15,0,17.0,14.0,15.0,1015,1010,1012.25,16,10,12.75,61,25,44.75
2020-08-16,0,19.0,10.0,15.25,1015,1011,1012.75,26,6,15.75,42,21,30.75
2020-08-17,0,15.0,13.0,14.5,1016,1011,1013.75,8,4,6.25,61,44,54.75
2020-08-18,0,21.0,12.0,17.75,1013,1008,1009.75,12,8,10.5,69,30,47.0
2020-08-19,0,13.0,9.0,10.5,1029,1018,1023.5,15,10,12.0,55,46,50.25
2020-08-20,0,13.0,7.0,10.75,1033,1031,1031.75,11,5,7.75,59,39,49.0
2020-08-21,0,16.0,9.0,13.5,1030,1027,1028.75,15,9,11.75,44,24,33.75
2020-08-22,0,16.0,11.0,14.0,1027,1023,1025.5,12,10,11.5,65,46,53.0
2020-08-23,0,17.0,14.0,15.5,1022,1016,1019.5,16,14,15.25,70,60,64.75
2020-08-24,0,20.0,15.0,17.75,1016,1011,1013.75,16,10,13.25,78,63,71.25
2020-08-25,0,18.0,16.0,17.25,1011,1007,1009.0,19,14,16.75,91,75,81.5
2020-08-26,0,20.0,17.0,18.25,1011,1006,1007.75,14,11,12.75,93,88,91.0
2020-08-27,0,16.0,14.0,15.0,1018,1015,1017.0,17,11,14.25,75,66,69.75
2020-08-28,0,16.0,13.0,15.0,1017,1011,1014.25,19,6,13.75,94,88,91.0
2020-08-29,0,16.0,14.0,15.0,1021,1011,1015.5,16,2,10.0,99,66,82.75
2020-08-30,0,12.0,9.0,10.25,1026,1024,1025.0,12,6,8.5,63,48,54.0
2020-08-31,0,13.0,9.0,11.75,1032,1028,1030.25,23,8,15.0,74,48,58.25
2020-09-01,0,11.0,10.0,10.25,1034,1030,1032.5,32,20,28.0,83,72,76.75
2020-09-02,1,12.0,11.0,11.25,1027,1010,1018.0,39,18,31.75,99,89,94.75
2020-09-03,0,13.0,10.0,11.5,1017,1013,1015.75,12,7,9.5,88,70,80.0
2020-09-04,0,16.0,11.0,14.0,1019,1018,1018.75,13,2,9.0,87,71,80.25
2020-09-05,0,14.0,11.0,13.0,1024,1022,1022.75,31,7,20.25,96,72,84.5
2020-09-06,0,13.0,11.0,12.0,1027,880,989.5,23,20,21.25,89,69,80.25
2020-09-07,0,15.0,10.0,12.75,1026,1023,1024.75,22,12,18.0,88,73,82.5
2020-09-08,0,18.0,13.0,15.75,1022,1017,1019.5,20,13,16.0,83,74,78.25
2020-09-09,0,18.0,16.0,17.0,1018,1016,1017.0,11,4,8.5,92,85,88.5
2020-09-10,0,17.0,16.0,16.75,1019,1011,1016.25,15,4,9.75,90,70,82.5
2020-09-11,0,20.0,16.0,18.0,1017,1011,1013.5,15,8,11.5,89,35,57.75
2020-09-12,0,15.0,13.0,14.0,1018,1015,1017.0,18,6,13.0,69,60,65.0
2020-09-13,0,18.0,15.0,16.75,1020,1015,1016.5,11,9,10.0,83,51,72.75
2020-09-14,0,15.0,14.0,14.75,1029,1025,1027.0,13,8,10.75,46,39,42.25
2020-09-15,0,15.0,13.0,14.0,1025,1018,1021.75,23,10,15.25,69,54,61.0
2020-09-16,0,16.0,14.0,15.25,1018,1017,1017.25,13,7,9.5,87,67,75.5
2020-09-17,0,26.0,14.0,21.5,1015,1008,1011.5,18,6,12.5,71,32,51.0
2020-09-18,0,21.0,16.0,18.5,1014,1008,1011.25,14,5,11.25,61,36,49.5
2020-09-19,0,15.0,14.0,14.5,1024,1017,1022.0,13,7,10.25,40,28,33.75
2020-09-20,0,20.0,11.0,17.0,1024,1022,1023.0,16,7,12.5,33,18,27.5
2020-09-21,0,17.0,12.0,13.5,1027,1024,1025.25,15,8,11.25,61,48,54.0
2020-09-22,0,17.0,11.0,14.75,1024,1020,1022.0,18,10,14.5,76,65,70.5
2020-09-23,0,20.0,16.0,17.75,1022,1020,1020.75,15,10,11.75,76,56,68.5
2020-09-24,0,19.0,15.0,17.25,1021,1017,1019.0,27,13,19.75,83,66,75.25
2020-09-25,1,18.0,16.0,17.0,1018,1014,1015.75,27,18,23.25,78,71,73.5
2020-09-26,1,19.0,16.0,17.5,1011,1006,1008.0,23,12,16.5,97,91,94.75
2020-09-27,1,17.0,14.0,16.25,1009,1005,1006.0,18,6,12.5,97,82,89.5
2020-09-28,0,23.0,13.0,19.5,1013,1011,1012.25,11,4,9.0,72,30,48.75
2020-09-29,0,22.0,15.0,19.0,1013,1008,1010.75,17,8,12.0,74,58,67.5
2020-09-30,0,23.0,18.0,20.5,1009,1005,1006.75,11,8,9.75,76,70,74.25
2020-10-01,0,21.0,18.0,19.75,1013,1007,1009.75,12,10,11.0,64,39,47.0
2020-10-02,0,15.0,12.0,14.0,1027,1017,1021.75,39,23,31.0,69,62,65.5
2020-10-03,0,12.0,10.0,11.0,1032,1029,1030.25,33,20,26.75,66,56,60.5
2020-10-04,0,15.0,11.0,13.5,1027,1019,1022.5,34,19,27.75,86,71,76.75
2020-10-05,1,18.0,12.0,15.75,1016,1016,1016.0,15,7,11.25,99,54,74.0
2020-10-06,0,18.0,14.0,16.25,1017,1015,1016.0,14,9,11.0,87,66,77.0
2020-10-07,0,25.0,16.0,21.25,1015,1014,1014.75,13,7,9.5,82,38,60.25
2020-10-08,0,19.0,17.0,18.25,1018,1015,1016.5,17,5,12.0,72,50,60.75
2020-10-09,0,24.0,16.0,21.25,1016,1014,1014.5,18,5,12.5,49,26,35.75
2020-10-10,0,19.0,16.0,17.75,1017,1013,1015.5,23,9,14.75,70,54,63.0
2020-10-11,0,19.0,18.0,18.5,1014,1013,1013.5,19,14,17.0,64,56,60.0
2020-10-12,0,22.0,14.0,18.0,1018,1016,1017.25,11,7,9.75,78,44,65.5
2020-10-13,0,21.0,16.0,19.0,1018,1014,1016.25,14,8,10.75,85,61,73.75
2020-10-14,0,24.0,18.0,21.5,1020,1014,1016.25,11,8,9.0,73,55,66.0
2020-10-15,0,19.0,15.0,17.5,1024,1021,1022.25,22,17,19.75,88,82,84.75
2020-10-16,0,21.0,18.0,20.25,1022,1017,1019.75,24,17,19.75,84,77,81.0
2020-10-17,1,22.0,21.0,21.25,1016,1011,1014.25,16,8,11.75,84,77,80.25
2020-10-18,0,27.0,21.0,24.75,1010,1006,1008.0,14,9,10.75,88,74,82.0
2020-10-19,0,25.0,22.0,23.75,1015,1005,1010.5,24,7,18.5,89,74,80.5
2020-10-20,1,16.0,14.0,15.25,1026,1019,1023.5,40,30,34.0,89,56,71.0
2020-10-21,0,17.0,14.0,16.0,1027,1023,1025.25,40,35,37.25,81,57,70.5
2020-10-22,1,17.0,15.0,16.0,1022,1017,1019.75,35,11,23.5,94,86,90.0
2020-10-23,0,21.0,17.0,19.5,1016,1014,1015.0,15,11,13.25,97,87,92.25
2020-10-24,0,21.0,18.0,19.5,1015,1011,1013.0,22,12,17.75,99,89,94.25
2020-10-25,1,21.0,19.0,20.5,1009,1007,1008.25,14,7,11.5,98,91,94.0
2020-10-26,0,22.0,19.0,20.25,1014,1010,1012.75,20,11,15.5,89,48,63.0
2020-10-27,0,20.0,16.0,18.25,1012,1008,1009.75,17,8,12.75,62,46,56.75
2020-10-28,0,22.0,16.0,19.0,1015,1008,1011.0,16,8,11.0,81,58,67.75
2020-10-29,0,17.0,13.0,15.75,1024,1017,1021.25,15,8,12.25,78,45,59.0
2020-10-30,0,17.0,13.0,15.5,1028,1026,1027.0,18,8,13.0,71,51,61.5
2020-10-31,0,20.0,15.0,18.0,1027,1024,1025.5,20,8,14.0,71,49,61.25
2020-11-01,0,21.0,17.0,19.75,1024,1020,1022.25,22,12,16.0,73,52,61.75
2020-11-02,0,21.0,19.0,20.0,1020,1018,1019.25,23,11,16.25,69,53,59.75
2020-11-03,0,21.0,18.0,19.75,1021,1019,1020.0,30,15,22.25,80,70,75.25
2020-11-04,0,22.0,20.0,21.0,1025,1019,1021.75,28,21,24.5,68,56,60.75
2020-11-05,0,23.0,19.0,20.75,1021,1019,1019.75,30,14,21.25,77,53,64.25
2020-11-06,0,24.0,20.0,21.5,1020,1018,1018.75,22,14,18.75,77,62,72.5
2020-11-07,0,23.0,20.0,21.5,1021,1019,1020.0,24,11,17.0,80,68,74.5
2020-11-08,0,24.0,19.0,21.75,1020,1019,1019.5,28,14,20.75,82,62,72.5
2020-11-09,0,21.0,20.0,20.5,1020,1017,1018.5,26,15,20.5,75,71,72.75
2020-11-10,0,23.0,20.0,21.25,1018,1017,1017.25,28,15,21.5,77,67,73.25
2020-11-11,0,23.0,21.0,21.5,1019,1017,1017.5,28,14,20.5,77,69,73.5
2020-11-12,0,22.0,20.0,21.0,1017,1015,1016.25,23,11,18.25,79,70,76.25
2020-11-13,0,23.0,20.0,22.0,1015,1011,1013.0,24,12,18.75,84,73,78.25
2020-11-14,0,24.0,21.0,23.0,1011,1010,1010.5,14,8,9.75,82,63,71.0
2020-11-15,0,25.0,19.0,22.75,1014,1012,1013.25,16,11,13.0,82,38,59.0
2020-11-16,0,24.0,19.0,22.0,1015,1014,1014.5,16,4,10.25,72,47,59.0
2020-11-17,0,25.0,21.0,23.75,1014,1012,1013.0,17,14,14.75,60,51,56.5
2020-11-18,0,25.0,23.0,24.25,1015,1011,1013.0,21,9,15.5,70,59,63.75
2020-11-19,0,23.0,18.0,20.75,1019,1018,1018.75,24,13,19.25,77,59,66.25
2020-11-20,0,23.0,19.0,21.5,1019,1016,1017.75,30,15,22.0,70,58,66.25
2020-11-21,0,26.0,21.0,23.75,1018,1016,1016.5,23,16,20.0,71,52,64.25
2020-11-22,0,27.0,22.0,24.5,1019,1016,1017.25,27,15,18.5,67,54,63.5
2020-11-23,0,31.0,23.0,26.75,1016,1009,1013.0,21,16,18.25,67,47,61.5
2020-11-24,1,31.0,26.0,27.5,1010,1008,1009.0,32,12,18.5,73,51,62.25
2020-11-25,1,26.0,21.0,23.75,1010,1009,1009.25,19,6,12.25,92,74,84.0
2020-11-26,0,26.0,23.0,24.0,1018,1011,1015.75,15,6,11.75,74,22,40.25
2020-11-27,0,26.0,20.0,24.0,1018,1012,1015.5,20,13,16.75,66,51,55.75
2020-11-28,1,25.0,22.0,23.5,1013,1009,1011.0,23,11,18.0,79,67,75.25
2020-11-29,0,32.0,20.0,28.25,1015,1009,1011.0,22,8,13.75,87,43,60.5
2020-11-30,0,21.0,20.0,20.25,1021,1018,1019.25,27,17,20.75,61,48,51.5
2020-12-01,0,29.0,19.0,23.5,1017,1010,1013.75,22,12,15.25,76,61,69.0
2020-12-02,1,27.0,21.0,23.75,1009,1006,1007.75,16,7,12.25,90,72,77.5
2020-12-03,0,26.0,20.0,24.0,1010,1007,1008.25,12,8,9.75,90,43,57.75
2020-12-04,0,22.0,21.0,21.5,1024,1015,1020.25,18,13,15.75,59,32,44.5
2020-12-05,0,19.0,17.0,18.25,1027,1024,1025.25,23,12,16.0,64,50,56.0
2020-12-06,0,23.0,17.0,20.25,1023,1020,1021.75,24,12,18.0,70,43,59.25
2020-12-07,0,25.0,20.0,22.75,1020,1016,1018.0,29,13,19.75,70,51,63.75
2020-12-08,0,25.0,22.0,23.25,1018,1015,1016.25,20,14,17.5,77,58,70.75
2020-12-09,0,31.0,22.0,27.5,1016,1012,1014.25,15,4,10.5,78,51,62.5
2020-12-10,0,32.0,26.0,29.75,1011,1001,1007.0,19,12,14.5,69,52,58.5
2020-12-11,0,28.0,25.0,27.0,1008,1002,1006.0,17,6,12.5,60,25,41.75
2020-12-12,0,28.0,22.0,25.75,1009,1004,1007.0,14,2,9.5,63,40,47.5
2020-12-13,1,25.0,20.0,23.5,1013,1006,1010.25,16,11,13.5,83,36,59.5
2020-12-14,0,27.0,20.0,24.5,1013,1005,1009.25,23,12,18.5,65,38,54.25
2020-12-15,0,22.0,20.0,21.0,1014,1007,1010.75,35,13,23.25,65,58,61.25
2020-12-16,0,25.0,18.0,22.5,1016,1014,1015.25,23,12,17.5,58,38,51.25
2020-12-17,0,28.0,21.0,25.5,1015,1009,1012.25,14,10,12.0,80,62,70.0
2020-12-18,0,32.0,23.0,28.75,1009,1000,1005.5,15,3,9.25,80,47,64.75
2020-12-19,0,27.0,22.0,25.25,1003,998,999.5,33,14,21.25,77,42,59.0
2020-12-20,0,24.0,18.0,21.25,1014,1008,1011.0,16,11,14.25,60,35,46.5
2020-12-21,0,23.0,18.0,21.5,1018,1016,1016.75,14,5,10.0,62,49,54.0
2020-12-22,0,28.0,22.0,25.75,1017,1013,1015.0,16,12,14.5,59,48,54.25
2020-12-23,0,30.0,25.0,27.5,1015,1011,1012.75,20,15,17.75,59,40,51.75
2020-12-24,0,30.0,25.0,27.75,1013,1011,1011.75,26,13,18.5,71,48,64.25
2020-12-25,0,27.0,25.0,26.0,1014,1012,1013.0,25,17,21.0,80,72,76.0
2020-12-26,0,28.0,26.0,27.0,1014,1013,1013.25,35,19,25.5,77,65,71.5
2020-12-27,0,27.0,25.0,25.75,1016,1013,1014.75,24,20,22.5,79,64,71.75
2020-12-28,0,29.0,26.0,27.5,1015,1010,1012.75,27,19,22.75,78,65,73.0
2020-12-29,0,29.0,26.0,27.5,1010,1003,1007.0,12,11,11.5,77,69,74.0
2020-12-30,0,28.0,26.0,26.5,1009,1002,1005.5,17,5,13.0,84,29,58.0
2020-12-31,0,29.0,19.0,25.5,1014,1012,1012.75,13,7,11.0,48,21,33.25
2021-01-01,0,31.0,23.0,28.25,1015,1013,1014.25,18,12,15.0,60,33,43.5
2021-01-02,0,32.0,25.0,28.75,1016,1013,1014.75,15,10,11.75,60,45,55.25
2021-01-03,0,29.0,26.0,27.5,1015,1012,1013.25,29,12,19.0,68,46,57.25
2021-01-04,0,28.0,25.0,26.5,1011,1008,1009.75,28,12,18.75,74,61,69.0
2021-01-05,0,28.0,24.0,26.0,1008,1007,1007.5,20,11,15.5,87,75,80.0
2021-01-06,0,26.0,22.0,24.5,1008,1006,1006.75,16,13,14.5,83,61,71.0
2021-01-07,0,33.0,21.0,28.5,1008,1006,1006.5,18,10,13.0,82,29,52.25
2021-01-08,0,29.0,25.0,27.0,1012,1008,1010.5,26,11,16.0,66,44,58.5
2021-01-09,0,25.0,23.0,24.25,1013,1011,1012.0,24,12,18.25,72,59,66.0
2021-01-10,0,29.0,25.0,27.25,1011,1004,1008.25,22,14,18.0,81,67,72.0
2021-01-11,1,28.0,20.0,24.0,1010,1005,1006.75,20,10,13.75,94,69,82.0
2021-01-12,0,23.0,22.0,22.5,1019,1016,1018.0,23,17,19.25,57,33,45.75
2021-01-13,0,25.0,21.0,23.25,1022,1020,1020.75,37,13,22.75,64,34,51.75
2021-01-14,0,27.0,21.0,24.25,1021,1013,1017.75,34,21,28.0,69,52,61.5
2021-01-15,1,24.0,22.0,22.5,1012,1005,1009.0,28,11,16.5,88,66,78.25
2021-01-16,0,32.0,22.0,27.25,1005,1002,1003.75,15,7,10.5,92,54,76.0
2021-01-17,0,26.0,19.0,23.25,1011,1007,1009.25,20,10,14.0,81,34,56.25
2021-01-18,0,27.0,22.0,25.25,1015,1012,1014.25,15,4,9.0,62,52,58.5
2021-01-19,0,31.0,24.0,28.0,1018,1016,1017.0,14,8,11.75,63,45,55.0
2021-01-20,0,30.0,26.0,27.75,1019,1017,1018.0,30,8,16.25,63,46,56.0
2021-01-21,0,29.0,24.0,26.75,1020,1018,1018.75,32,15,24.0,73,56,67.75
2021-01-22,0,29.0,27.0,28.0,1021,1017,1019.25,26,16,20.5,75,61,70.25
2021-01-23,0,32.0,27.0,29.5,1017,1013,1015.25,24,14,19.0,77,61,69.75
2021-01-24,0,33.0,27.0,30.0,1014,1009,1011.75,27,15,18.5,80,56,69.25
2021-01-25,0,33.0,27.0,30.75,1008,1004,1006.25,18,13,15.0,71,56,64.5
2021-01-26,0,33.0,29.0,31.0,1003,1002,1002.75,12,8,10.75,65,53,57.5
2021-01-27,0,31.0,27.0,29.0,1006,1004,1005.0,28,8,19.0,64,48,54.25
2021-01-28,0,26.0,24.0,25.0,1007,1005,1006.0,19,9,13.0,74,60,69.0
2021-01-29,1,27.0,23.0,25.25,1006,1004,1005.0,12,6,9.5,84,70,77.25
2021-01-30,1,25.0,18.0,22.0,1013,1006,1009.5,22,6,14.5,86,65,77.25
2021-01-31,1,22.0,18.0,19.75,1016,1014,1014.75,17,13,15.25,91,78,83.0
2021-02-01,1,23.0,20.0,21.25,1012,1010,1011.0,15,11,12.75,94,82,88.5
2021-02-02,0,27.0,20.0,23.75,1014,1012,1013.25,11,9,10.25,91,73,81.0
2021-02-03,1,25.0,22.0,23.75,1015,1013,1014.25,19,11,14.25,86,71,78.25
2021-02-04,0,29.0,21.0,25.75,1017,1015,1016.25,15,11,12.25,81,43,59.25
2021-02-05,0,24.0,23.0,23.25,1016,1014,1015.25,13,8,10.25,70,61,65.75
2021-02-06,0,29.0,21.0,26.5,1015,1012,1013.5,14,7,10.25,74,53,65.75
2021-02-07,0,29.0,23.0,27.0,1014,1013,1013.25,16,9,13.0,91,57,71.75
2021-02-08,0,24.0,22.0,23.0,1018,1014,1016.25,26,17,20.25,84,73,77.75
2021-02-09,0,23.0,20.0,22.25,1020,1019,1019.25,25,14,18.5,79,70,74.5
2021-02-10,1,25.0,21.0,23.25,1019,1016,1017.75,30,14,21.0,91,74,82.75
2021-02-11,0,25.0,21.0,23.0,1015,1012,1013.75,21,10,15.5,89,81,86.5
2021-02-12,1,26.0,22.0,24.0,1013,1011,1012.0,19,7,13.75,88,80,83.5
2021-02-13,1,25.0,23.0,24.5,1011,1007,1009.0,15,8,10.0,84,77,81.5
2021-02-14,1,26.0,23.0,25.25,1007,1005,1006.0,12,8,10.75,83,73,78.25
2021-02-15,0,28.0,21.0,25.25,1010,1007,1008.75,16,9,13.25,84,53,67.25
2021-02-16,0,24.0,22.0,23.0,1010,1008,1009.25,14,12,12.75,78,60,70.0
2021-02-17,0,27.0,21.0,24.5,1009,1008,1008.5,12,9,10.75,83,58,70.75
2021-02-18,0,28.0,23.0,26.25,1010,1007,1008.25,13,4,7.5,82,63,72.75
2021-02-19,0,29.0,25.0,27.25,1014,1009,1011.5,15,10,12.75,72,26,46.75
2021-02-20,0,25.0,21.0,23.25,1018,1015,1016.25,14,7,10.0,36,29,32.75
2021-02-21,0,28.0,23.0,26.0,1015,1011,1013.5,16,11,13.25,70,50,63.0
2021-02-22,1,26.0,23.0,25.0,1012,1009,1010.25,22,8,15.5,90,70,81.0
2021-02-23,0,26.0,22.0,24.25,1015,1012,1013.75,15,7,11.25,81,60,69.5
2021-02-24,0,31.0,22.0,27.75,1016,1013,1014.5,14,6,9.0,72,39,52.75
2021-02-25,0,29.0,25.0,27.25,1016,1014,1014.5,14,4,10.0,61,57,59.25
2021-02-26,0,28.0,26.0,27.0,1015,1014,1014.5,27,12,18.5,66,62,64.0
2021-02-27,0,28.0,26.0,26.5,1020,1018,1018.5,34,21,27.5,77,62,70.75
2021-02-28,0,28.0,25.0,26.5,1018,871,980.25,28,19,24.0,75,69,72.75
2021-03-01,0,28.0,26.0,26.5,1015,1012,1013.5,25,17,21.0,85,73,78.25
2021-03-02,0,28.0,25.0,26.5,1014,1013,1013.75,25,13,19.5,86,76,82.25
2021-03-03,0,28.0,26.0,26.75,1017,1014,1015.25,33,17,24.0,87,73,81.25
2021-03-04,0,27.0,25.0,26.0,1014,1011,1012.75,22,17,19.0,84,75,81.0
2021-03-05,0,25.0,21.0,23.75,1013,1011,1012.25,15,11,12.75,84,49,65.5
2021-03-06,0,23.0,20.0,22.25,1014,1013,1013.25,16,7,11.5,67,55,62.25
2021-03-07,0,27.0,21.0,24.75,1014,1010,1012.25,13,7,10.0,76,58,69.5
2021-03-08,0,32.0,25.0,28.25,1016,1012,1014.0,21,8,12.5,72,52,64.5
2021-03-09,0,24.0,20.0,22.5,1018,1015,1016.75,23,12,16.5,75,62,68.75
2021-03-10,0,26.0,22.0,24.75,1015,1009,1012.25,20,15,17.75,82,76,79.0
2021-03-11,0,31.0,25.0,28.0,1012,1010,1011.25,15,6,12.0,69,51,59.5
2021-03-12,0,26.0,24.0,25.0,1015,1013,1014.25,32,6,16.5,84,72,77.0
2021-03-13,0,25.0,22.0,24.0,1017,1016,1016.25,21,10,14.75,69,53,59.25
2021-03-14,0,29.0,23.0,25.5,1018,1017,1017.25,21,10,13.75,61,49,54.25
2021-03-15,0,25.0,23.0,24.0,1017,1013,1015.25,17,9,12.75,77,64,71.0
2021-03-16,1,25.0,22.0,23.25,1010,1005,1008.0,17,12,14.5,84,76,79.75
2021-03-17,1,21.0,18.0,20.0,1019,1005,1012.25,21,13,16.5,87,62,75.5
2021-03-18,0,19.0,15.0,17.5,1020,1018,1019.0,12,5,9.25,71,52,61.25
2021-03-19,0,22.0,18.0,20.25,1018,1014,1016.25,29,6,15.5,70,62,65.0
2021-03-20,1,21.0,20.0,20.25,1015,1013,1013.5,21,8,13.5,88,82,85.0
2021-03-21,0,23.0,18.0,20.75,1021,1017,1019.25,20,5,11.5,89,67,79.0
2021-03-22,0,23.0,18.0,21.25,1022,1019,1020.5,12,8,9.75,82,62,72.75
2021-03-23,0,23.0,20.0,22.0,1018,1016,1017.25,14,3,8.5,86,68,77.0
2021-03-24,0,25.0,22.0,23.75,1017,1015,1016.0,13,10,11.5,84,72,79.75
2021-03-25,1,22.0,21.0,21.5,1014,1011,1012.25,28,11,20.75,95,88,92.5
2021-03-26,0,23.0,21.0,22.25,1011,1010,1010.25,11,5,8.5,93,86,89.0
2021-03-27,1,23.0,20.0,21.75,1012,1011,1011.25,14,4,8.25,93,74,83.25
2021-03-28,0,22.0,19.0,21.0,1013,1011,1012.0,9,6,7.0,87,74,79.25
2021-03-29,0,24.0,20.0,22.0,1017,1014,1016.0,11,9,10.25,85,63,73.5
2021-03-30,0,22.0,19.0,20.75,1019,1018,1018.5,19,8,12.75,81,68,74.5
2021-03-31,0,22.0,20.0,21.0,1020,1018,1018.75,22,10,16.25,73,60,68.25
2021-04-01,0,22.0,20.0,21.0,1019,1018,1018.75,26,14,20.0,76,65,71.25
2021-04-02,0,23.0,21.0,21.75,1021,1019,1019.75,24,12,18.75,79,69,75.0
2021-04-03,0,23.0,21.0,21.75,1020,1019,1019.25,25,12,18.25,82,74,77.5
2021-04-04,0,23.0,21.0,22.0,1019,1016,1017.75,20,11,15.75,88,78,83.0
2021-04-05,0,26.0,22.0,24.0,1016,1015,1015.25,17,11,13.25,85,77,81.75
2021-04-06,0,25.0,23.0,24.25,1018,1016,1016.75,20,9,14.5,91,83,87.5
2021-04-07,0,27.0,24.0,25.5,1017,1014,1015.5,15,14,14.5,84,74,78.5
2021-04-08,1,25.0,24.0,24.75,1014,1010,1012.0,21,10,14.75,89,73,78.5
2021-04-09,1,23.0,21.0,22.25,1014,1010,1012.75,13,6,9.5,95,86,91.0
2021-04-10,1,22.0,22.0,22.0,1013,1006,1009.5,29,11,21.75,94,90,91.75
2021-04-11,1,22.0,19.0,20.75,1017,1004,1011.0,18,5,12.75,96,62,77.5
2021-04-12,0,23.0,16.0,21.0,1020,1018,1019.5,13,4,7.5,78,52,62.5
2021-04-13,0,22.0,18.0,20.75,1022,1020,1021.0,10,4,7.0,70,61,66.25
2021-04-14,0,23.0,21.0,21.75,1019,1015,1017.25,13,10,11.5,76,60,68.75
2021-04-15,0,24.0,21.0,22.5,1015,1013,1014.0,8,4,6.25,82,73,78.5
2021-04-16,0,23.0,20.0,21.75,1015,1014,1014.75,9,2,6.75,95,79,87.0
2021-04-17,0,23.0,21.0,22.0,1019,1016,1017.5,19,6,11.25,90,76,83.25
2021-04-18,0,21.0,21.0,21.0,1020,1018,1019.0,16,9,12.25,86,82,83.5
2021-04-19,0,23.0,21.0,22.0,1021,1019,1019.75,21,14,16.75,82,67,75.0
2021-04-20,0,24.0,21.0,22.5,1021,1019,1019.75,27,17,21.75,83,71,76.75
2021-04-21,0,24.0,20.0,22.25,1019,1016,1017.25,32,14,21.25,84,73,78.75
2021-04-22,0,23.0,21.0,22.0,1016,1014,1015.25,19,10,13.25,84,75,80.5
2021-04-23,1,24.0,22.0,23.0,1015,1012,1013.75,16,10,12.75,89,66,78.25
2021-04-24,0,22.0,18.0,20.0,1018,1013,1015.25,12,9,10.25,91,57,75.0
2021-04-25,0,19.0,16.0,18.0,1019,1019,1019.0,10,6,8.5,75,64,70.5
2021-04-26,0,19.0,17.0,18.25,1021,1020,1020.25,8,4,5.5,82,66,74.25
2021-04-27,0,20.0,15.0,18.5,1020,1019,1019.5,11,2,7.0,86,64,72.75
2021-04-28,0,23.0,17.0,20.0,1022,1020,1021.25,12,7,8.5,83,62,73.25
2021-04-29,0,22.0,17.0,20.0,1023,1022,1022.25,13,6,9.0,78,66,72.5
2021-04-30,0,22.0,19.0,20.5,1021,1017,1019.25,19,12,14.75,77,61,71.75
2021-05-01,0,23.0,20.0,21.5,1018,1015,1016.5,12,6,9.25,78,69,74.75
2021-05-02,0,23.0,21.0,22.0,1015,1011,1013.5,8,4,6.5,80,75,77.75
2021-05-03,1,22.0,21.0,21.5,1011,1008,1009.75,13,7,9.25,90,81,85.75
2021-05-04,0,17.0,15.0,16.0,1026,1016,1021.75,16,13,14.75,71,52,59.75
2021-05-05,0,15.0,12.0,13.5,1027,1025,1026.25,10,7,8.5,61,42,53.0
2021-05-06,0,18.0,12.0,15.5,1026,1024,1025.25,8,4,5.75,64,36,51.0
2021-05-07,0,16.0,12.0,14.75,1027,1025,1026.0,14,4,8.5,68,59,63.25
2021-05-08,0,17.0,15.0,15.75,1028,1025,1026.5,21,14,16.75,82,75,78.75
2021-05-09,0,16.0,15.0,15.75,1024,1020,1022.25,13,6,10.0,88,76,81.75
2021-05-10,0,18.0,15.0,16.25,1023,1021,1022.0,10,5,7.75,85,46,64.25
2021-05-11,0,17.0,12.0,14.75,1025,1022,1023.5,8,4,6.25,67,42,54.5
2021-05-12,0,18.0,11.0,15.5,1022,1019,1020.75,14,4,9.5,65,38,51.75
2021-05-13,0,18.0,12.0,15.25,1022,1020,1021.25,12,1,7.75,78,61,68.25
2021-05-14,0,16.0,13.0,15.0,1022,1020,1021.0,8,4,6.5,81,69,75.0
2021-05-15,0,16.0,15.0,15.25,1021,1020,1020.25,7,4,5.5,86,72,79.0
2021-05-16,0,17.0,15.0,16.0,1020,1019,1019.25,6,3,4.5,84,72,77.5
2021-05-17,0,17.0,12.0,15.0,1022,1020,1021.25,8,1,5.0,83,66,77.5
2021-05-18,0,15.0,11.0,13.75,1022,1019,1020.5,13,3,7.5,85,72,77.75
2021-05-19,0,16.0,14.0,14.75,1019,1017,1017.75,27,13,20.25,81,72,77.5
2021-05-20,0,16.0,15.0,15.5,1016,1014,1015.25,24,18,20.75,85,76,79.25
2021-05-21,1,15.0,14.0,14.75,1013,1007,1010.5,32,22,26.5,95,87,90.25
2021-05-22,1,15.0,14.0,14.5,1000,994,996.75,16,11,13.25,98,87,92.25
2021-05-23,1,15.0,13.0,13.75,1014,1005,1009.75,18,12,15.5,83,65,75.25
2021-05-24,0,18.0,11.0,15.0,1015,1013,1013.75,19,7,13.25,83,52,67.25
2021-05-25,0,18.0,13.0,15.75,1019,1013,1016.0,19,3,11.0,67,41,56.25
2021-05-26,0,20.0,11.0,16.5,1019,1014,1016.0,18,2,9.75,80,52,67.0
2021-05-27,0,21.0,15.0,17.5,1014,1005,1009.75,16,7,10.75,78,66,72.0
2021-05-28,0,21.0,15.0,18.75,1005,1001,1002.75,10,6,8.75,85,38,60.25
2021-05-29,0,15.0,12.0,13.0,1018,1009,1014.5,14,5,9.75,64,34,48.25
2021-05-30,0,15.0,10.0,12.5,1021,1018,1019.5,10,8,8.5,54,37,48.0
2021-05-31,0,19.0,12.0,16.25,1016,1013,1014.75,19,10,14.25,57,45,51.75
2021-06-01,0,18.0,17.0,17.5,1011,1008,1009.0,16,10,12.0,65,49,57.75
2021-06-02,0,17.0,15.0,15.5,1017,1010,1014.0,12,5,9.0,83,45,63.75
2021-06-03,0,16.0,12.0,14.25,1017,1012,1014.75,14,4,9.5,82,72,76.5
2021-06-04,0,18.0,15.0,16.5,1011,1008,1009.75,11,6,8.25,90,77,83.25
2021-06-05,0,16.0,14.0,15.5,1019,1010,1014.5,13,7,10.0,88,50,69.75
2021-06-06,0,13.0,12.0,12.75,1023,1021,1021.75,19,7,12.5,82,54,65.0
2021-06-07,0,15.0,12.0,13.5,1022,1021,1021.5,18,15,16.5,86,77,81.0
2021-06-08,0,16.0,14.0,14.75,1021,1019,1020.0,13,11,12.5,89,83,86.5
2021-06-09,1,16.0,16.0,16.0,1019,1017,1018.0,14,7,10.25,98,94,96.0
2021-06-10,0,20.0,15.0,17.75,1021,1016,1018.5,10,3,7.75,96,40,70.25
2021-06-11,0,16.0,12.0,14.0,1022,1018,1020.5,17,6,11.0,59,42,51.75
2021-06-12,0,20.0,14.0,17.5,1017,1015,1016.0,12,8,10.0,86,58,69.5
2021-06-13,0,19.0,14.0,16.75,1018,1016,1016.5,13,8,10.75,92,78,86.25
2021-06-14,0,17.0,15.0,15.75,1024,1017,1019.75,13,8,11.25,82,67,74.5
2021-06-15,0,12.0,10.0,10.75,1029,1027,1028.0,13,7,9.75,77,51,64.5
2021-06-16,0,10.0,8.0,9.25,1031,1030,1030.25,9,7,8.25,68,58,63.0
2021-06-17,0,11.0,9.0,9.75,1031,1029,1029.75,8,6,7.0,68,47,59.5
2021-06-18,0,11.0,7.0,9.25,1030,1028,1029.0,13,5,9.25,69,64,67.25
2021-06-19,0,12.0,9.0,10.5,1028,1026,1027.25,14,5,8.25,81,74,77.5
2021-06-20,0,12.0,10.0,11.0,1025,1023,1023.75,16,5,10.0,90,76,83.0
2021-06-21,0,12.0,11.0,11.5,1023,1022,1022.75,14,8,11.0,86,81,83.0
2021-06-22,0,14.0,12.0,13.0,1024,1021,1022.5,16,10,12.75,86,82,84.0
2021-06-23,1,15.0,13.0,14.25,1019,1011,1015.25,18,6,11.0,96,87,90.75
2021-06-24,1,17.0,13.0,15.0,1012,1008,1009.5,14,7,10.25,97,65,80.0
2021-06-25,0,15.0,12.0,13.5,1016,1014,1015.0,10,5,7.25,82,67,74.0
2021-06-26,1,15.0,9.0,13.0,1017,1014,1015.0,17,8,12.25,84,70,79.0
2021-06-27,1,8.0,7.0,7.75,1020,1018,1019.0,12,11,11.5,83,79,81.25
2021-06-28,0,9.0,7.0,8.5,1023,1020,1021.25,17,14,15.25,82,65,73.0
2021-06-29,0,10.0,8.0,9.5,1028,1024,1026.25,13,4,9.75,75,69,72.25
2021-06-30,0,10.0,7.0,9.0,1028,1025,1026.5,18,4,12.0,86,76,80.75
