fecha_inicio_viaje,CANTIDAD_VIAJES,LLOVIO,TEMP,DURACION_PROMEDIO_MINUTOS
2019-01-01,796,0,28.75,18.529752931323276
2019-01-02,2720,0,28.0,16.28174019607841
2019-01-03,4983,0,23.0,16.487681450264283
2019-01-04,5739,0,25.5,16.574812685136816
2019-01-05,3679,0,27.5,16.84021473226423
2019-01-06,2508,1,27.5,16.60625996810205
2019-01-07,5083,0,26.0,16.193796314512444
2019-01-08,5181,0,28.75,16.75930322331596
2019-01-09,4970,0,28.5,16.53132461435279
2019-01-10,5545,0,22.5,16.114827171626025
2019-01-11,6056,0,21.25,16.43195728753852
2019-01-12,3869,0,24.75,16.82886189368487
2019-01-13,2806,0,24.25,17.159942979330005
2019-01-14,5694,0,25.25,16.901785505210114
2019-01-15,2878,1,23.75,15.899183460736614
2019-01-16,4990,0,25.25,17.212358049432186
2019-01-17,5193,0,23.25,16.77840362025809
2019-01-18,4222,1,21.0,16.978730459497903
2019-01-19,2713,0,22.5,17.44421919154684
2019-01-20,2019,0,23.75,18.182994881954762
2019-01-21,4820,0,26.25,16.888181189488282
2019-01-22,4921,0,29.0,17.248760414549945
2019-01-23,4903,0,26.5,16.857509008090354
2019-01-24,5174,0,27.25,17.334628269552855
2019-01-25,3492,1,24.5,16.534254486445214
2019-01-26,3026,0,27.75,17.061560916501442
2019-01-27,2057,0,27.5,17.359115216334477
2019-01-28,4088,0,30.75,16.47848173515983
2019-01-29,3684,1,31.75,16.427221317408645
2019-01-30,4046,0,28.25,17.18702010215853
2019-01-31,4058,0,26.5,17.795597174305897
2019-02-01,4543,0,29.25,16.854277643260662
2019-02-02,3059,0,25.25,17.702931241146395
2019-02-03,2152,0,22.0,17.735749690210604
2019-02-04,4466,0,22.75,16.993383340797056
2019-02-05,4800,0,24.25,17.335510416666622
2019-02-06,4711,0,26.0,17.66450505908157
2019-02-07,4474,0,27.75,17.453393682014596
2019-02-08,4152,0,28.75,17.429913294797668
2019-02-09,2747,0,30.5,17.368207741778907
2019-02-10,2366,0,30.5,17.272823330515653
2019-02-11,3510,1,25.25,17.55361348528012
2019-02-12,4076,0,20.5,17.26194389924758
2019-02-13,4036,0,21.25,17.349351668318434
2019-02-14,3013,1,22.0,17.753678504259277
2019-02-15,3990,0,24.25,17.462631578947377
2019-02-16,2425,0,25.5,17.85351202749141
2019-02-17,1958,0,26.75,17.654153898535903
2019-02-18,3661,0,28.0,16.86700810343253
2019-02-19,3698,0,31.0,16.950455201009582
2019-02-20,3486,0,32.0,16.711445783132557
2019-02-21,2284,0,29.75,16.547745183887937
2019-02-22,266,1,28.5,16.200375939849618
2019-02-25,1429,0,21.0,30.06874271052019
2019-02-26,2483,0,19.75,29.394918781044456
2019-02-27,3318,0,22.75,28.8356841470765
2019-02-28,3967,0,21.5,28.80070162171243
2019-03-01,4257,0,26.25,30.199690705504615
2019-03-02,3828,0,24.0,46.76139846743295
2019-03-03,3937,0,23.75,55.50371264075865
2019-03-04,3267,1,24.0,46.60818283848587
2019-03-05,4319,0,24.0,55.73104885390143
2019-03-06,5217,0,27.0,29.820420420420437
2019-03-07,4076,1,28.75,29.826373895976495
2019-03-08,5926,0,21.0,29.566616042299398
2019-03-09,5234,0,19.25,46.55869634441469
2019-03-10,4894,0,21.25,53.812859283476335
2019-03-11,6801,0,21.75,28.06219918639417
2019-03-12,4952,1,21.25,28.948222940226124
2019-03-13,7604,0,22.0,29.68512624934245
2019-03-14,7988,0,22.5,28.276813136371153
2019-03-15,7483,1,22.75,28.168288119738012
2019-03-16,6210,1,24.25,43.12855877616737
2019-03-17,5096,0,25.0,53.51666666666684
2019-03-18,8005,0,26.75,29.045708931917613
2019-03-19,7759,0,20.25,26.177593762082715
2019-03-20,8360,0,18.5,28.93662480063797
2019-03-21,8291,0,17.75,27.746339404173234
2019-03-22,8223,0,20.25,29.01131379464102
2019-03-23,6193,0,22.5,47.16862317670484
2019-03-24,5292,0,20.0,51.82419690098263
2019-03-25,8007,0,18.25,26.61513259231519
2019-03-26,8656,0,19.25,26.55570124768942
2019-03-27,8268,0,19.5,27.58167029511377
2019-03-28,7912,0,21.5,27.37645138186723
2019-03-29,8538,0,22.5,27.917392832045046
2019-03-30,6602,0,25.25,46.99109360799743
2019-03-31,5668,0,25.25,56.191055045871664
2019-04-01,9275,0,23.0,28.279755615453677
2019-04-02,6364,0,28.0,52.65151372302562
2019-04-03,9008,0,21.25,26.95292147720549
2019-04-04,8042,0,24.5,26.154064080245377
2019-04-05,8998,0,19.0,27.935383788990094
2019-04-06,6338,0,19.5,45.733272851583166
2019-04-07,5811,0,20.75,54.52157402627182
2019-04-08,8970,0,21.75,27.487718320327083
2019-04-09,8850,0,23.5,27.439210922787176
2019-04-10,8926,1,23.75,25.8863750093359
2019-04-11,7787,1,18.5,26.515040023971615
2019-04-12,9177,0,17.75,27.87544586102942
2019-04-13,6442,0,22.0,46.94527320707829
2019-04-14,5413,0,23.0,50.86027464745364
2019-04-15,8509,0,19.75,26.6637148901164
2019-04-16,8616,0,18.5,27.01912527081412
2019-04-17,9023,0,21.75,27.874199268536007
2019-04-18,7154,0,21.75,40.67026838132495
2019-04-19,5357,0,24.0,53.631062161657695
2019-04-20,5693,0,20.75,51.556630950289964
2019-04-21,4811,0,18.0,52.620269521236054
2019-04-22,7843,0,17.75,27.62795486421005
2019-04-23,7925,0,17.25,26.712262881177633
2019-04-24,7420,0,18.5,27.87656334231815
2019-04-25,8049,0,19.5,25.88851203047999
2019-04-26,3349,1,18.25,25.234716830894804
2019-04-27,4376,1,18.75,42.90861517367443
2019-04-28,4663,0,20.5,51.27999499606832
2019-04-29,6918,0,21.25,29.113833477883805
2019-04-30,5941,0,16.75,34.75030297929635
2019-05-01,3720,0,18.0,55.50847222222209
2019-05-02,6347,0,20.75,27.588438107242283
2019-05-03,6417,0,23.0,29.65708274894807
2019-05-04,5076,0,19.25,43.4180227213029
2019-05-05,3265,1,19.0,36.31683001531391
2019-05-06,7032,0,18.0,26.39602294273788
2019-05-07,7535,0,16.25,26.882158814421576
2019-05-08,11001,1,17.75,27.241814380510778
2019-05-09,8935,1,18.5,28.089807871665688
2019-05-10,13757,1,17.5,29.830384531511186
2019-05-11,14634,0,17.25,40.178422395334984
2019-05-12,13670,0,18.5,43.50121555718108
2019-05-13,17679,0,20.25,25.063404792880398
2019-05-14,17812,0,15.25,23.762427951193878
2019-05-15,20691,0,17.25,24.151616644918153
2019-05-16,20496,0,19.25,24.97574242128538
2019-05-17,17011,0,20.0,29.280729136049118
2019-05-18,18522,0,21.0,38.176300255552086
2019-05-19,15709,0,16.5,38.845650051987455
2019-05-20,17287,0,16.25,24.162068799290434
2019-05-21,22653,0,15.5,26.798563104224534
2019-05-22,26576,0,15.5,25.350127934978797
2019-05-23,26738,0,15.0,25.681113645996856
2019-05-24,26649,0,16.75,27.133031258208515
2019-05-25,27116,0,15.75,38.549646580124964
2019-05-26,27169,0,16.75,39.48020476768873
2019-05-27,32372,0,16.75,27.66030417233035
2019-05-28,34942,0,15.5,27.342253353175796
2019-05-29,31541,0,13.0,33.41262483751326
2019-05-30,26280,0,13.0,24.731488457635546
2019-05-31,26889,0,14.5,27.926308155751418
2019-06-01,25475,0,16.25,37.15518155053969
2019-06-02,25224,0,17.25,43.65924185960442
2019-06-03,28772,0,17.25,27.27197796468775
2019-06-04,28988,0,16.5,27.979090773193363
2019-06-05,26200,0,16.75,26.549347964376697
2019-06-06,26967,0,17.5,26.530483553973333
2019-06-07,28014,0,17.0,27.879421003783904
2019-06-08,27074,0,16.25,38.30034411858856
2019-06-09,24564,0,16.25,43.31081664224067
2019-06-10,30484,0,17.75,25.16515822507979
2019-06-11,29446,1,16.0,24.551439357920756
2019-06-12,31621,1,20.0,26.22397035725194
2019-06-13,22426,1,19.0,24.087484764707597
2019-06-14,33276,1,16.25,24.825303522057894
2019-06-15,11589,1,13.5,29.23490954065631
2019-06-16,6337,1,16.5,32.22952501183527
2019-06-17,5923,1,16.0,29.807895773538167
2019-06-18,20239,1,13.5,27.772454996129362
2019-06-19,28355,0,15.0,27.14881208487634
2019-06-20,24058,0,14.0,37.242423171779436
2019-06-21,33567,0,14.75,25.64919961072856
2019-06-22,29957,0,16.75,34.14051529414374
2019-06-23,26017,0,19.25,32.840127608871356
2019-06-24,32678,0,15.5,22.913875288165425
2019-06-25,30269,0,12.0,23.281415529639794
2019-06-26,29319,0,11.25,24.174609752492785
2019-06-27,32319,0,12.75,24.818883113132692
2019-06-28,29035,1,13.75,23.01901555593796
2019-06-29,18580,1,13.75,29.58233225690723
2019-06-30,19279,0,10.75,33.936289053720024
2019-07-01,27337,0,10.25,24.116454500005887
2019-07-02,29803,0,12.5,23.98421859096973
2019-07-03,27170,0,10.0,23.466650104281726
2019-07-04,24415,0,8.25,23.51394634446043
2019-07-05,22793,0,8.0,24.81426461340457
2019-07-06,19924,0,9.5,31.568963728836
2019-07-07,18040,0,10.0,36.656268477457445
2019-07-08,24336,0,11.25,33.42019984111321
2019-07-09,25211,0,12.75,37.198755173006596
2019-07-10,32889,0,14.0,24.14339140746144
2019-07-11,29250,1,14.25,23.435355555555685
2019-07-12,28793,1,15.75,24.672648444645336
2019-07-13,26218,0,11.0,32.94148867190492
2019-07-14,23468,0,11.0,36.61116058746654
2019-07-15,34184,0,14.25,23.627537736953222
2019-07-16,32595,0,13.0,24.86588945134727
2019-07-17,41431,0,14.0,24.325202143322528
2019-07-18,31625,1,13.75,24.600176548089575
2019-07-19,32461,0,15.0,26.081843853650113
2019-07-20,26557,0,16.0,32.86748126670956
2019-07-21,18976,1,22.0,37.64707700955605
2019-07-22,30427,0,14.25,25.63149998356698
2019-07-23,30412,0,11.5,24.199835591214
2019-07-24,30704,0,12.0,26.083549374674313
2019-07-25,17641,1,11.5,22.933901139391157
2019-07-26,21659,1,13.0,23.715583975868352
2019-07-27,25505,0,14.0,37.00799255048006
2019-07-28,22373,0,13.5,40.18571045456562
2019-07-29,29430,0,13.75,25.799791029561923
2019-07-30,30218,0,13.75,26.234797692324673
2019-07-31,29507,0,16.75,27.26036703155194
2019-08-01,24253,0,15.25,27.46980648442112
2019-08-02,24692,0,13.0,28.067137129434688
2019-08-03,20842,0,14.25,40.29337155743201
2019-08-04,16940,0,14.0,45.714068280204636
2019-08-05,25748,0,14.75,26.432534565791627
2019-08-06,28196,0,16.5,27.237181987988727
2019-08-07,27188,0,14.5,25.656253371585496
2019-08-08,26164,0,12.5,25.02743082097539
2019-08-09,12914,1,10.0,27.375424603789295
2019-08-10,20672,0,13.25,40.65670310887499
2019-08-11,18864,0,13.75,42.50392635001425
2019-08-12,23529,0,12.25,25.116250159377724
2019-08-13,23292,0,8.75,24.791177228232847
2019-08-14,21869,0,9.25,25.21500830704042
2019-08-15,23676,0,12.0,26.765453060764766
2019-08-16,23558,0,15.5,28.989522313722293
2019-08-17,14519,1,17.25,38.81231489772029
2019-08-18,13162,0,11.5,43.06676163703601
2019-08-19,14496,0,7.5,35.273962932303164
2019-08-20,20404,0,8.75,25.30308272887685
2019-08-21,21240,0,10.0,26.22255021971112
2019-08-22,22311,0,11.0,26.56380559664147
2019-08-23,24092,0,13.0,28.211425646134185
2019-08-24,18983,0,14.5,40.0329970675517
2019-08-25,15380,0,14.75,48.039548114434226
2019-08-26,24081,0,17.25,27.457098265575965
2019-08-27,24140,0,18.0,28.532365368682584
2019-08-28,25138,0,20.25,28.128187074018157
2019-08-29,24747,0,21.0,27.026446976737947
2019-08-30,25227,0,15.5,27.56092083878391
2019-08-31,18740,0,16.5,42.754850586979416
2019-09-01,13895,0,13.25,45.904851865179175
2019-09-02,20565,0,12.75,25.742617716184434
2019-09-03,21476,0,11.0,25.6937837586144
2019-09-04,21459,0,10.5,26.824584867266307
2019-09-05,21041,0,10.0,25.377405224720103
2019-09-06,23070,0,13.25,27.451887732986677
2019-09-07,18184,0,15.75,39.28049017451263
2019-09-08,13005,0,15.0,47.592431116237094
2019-09-09,10157,1,13.75,25.19093072101342
2019-09-10,21061,0,14.0,26.54860247218405
2019-09-11,20611,0,13.75,27.443145246066162
2019-09-12,20888,0,14.75,27.763939422954213
2019-09-13,19787,0,14.0,28.46947575007148
2019-09-14,15332,0,16.0,43.906204887381456
2019-09-15,12697,0,16.75,51.424024047675566
2019-09-16,16116,0,17.25,30.60589372879953
2019-09-17,14216,0,19.25,33.72125070343276
2019-09-18,16827,0,17.0,29.629913234682377
2019-09-19,22779,0,17.5,27.417980742496592
2019-09-20,22837,0,17.25,30.30091883055278
2019-09-21,19552,0,20.25,45.79840510774708
2019-09-22,16580,0,14.5,51.54000301568135
2019-09-23,25333,0,16.0,27.40024474006235
2019-09-24,26382,0,18.5,29.27613777070229
2019-09-25,25954,0,25.0,29.56534381341324
2019-09-26,11819,0,20.0,30.139820063739037
2019-09-27,29043,0,16.25,29.03981051085198
2019-09-28,22178,0,18.0,44.98059864129608
2019-09-29,17770,0,21.0,55.30544550740956
2019-09-30,21601,1,22.75,27.64722852337096
2019-10-01,19094,1,15.5,24.903268042316938
2019-10-02,24313,0,15.75,25.941649871810608
2019-10-03,23383,1,12.75,24.971359534704757
2019-10-04,14928,1,14.25,25.512347043586992
2019-10-05,21975,1,17.0,42.84436632536992
2019-10-06,17614,0,17.5,50.39340392112334
2019-10-07,25549,0,22.0,29.059131472856254
2019-10-08,27843,0,23.75,28.92723724694435
2019-10-09,25258,1,21.25,26.811118589489805
2019-10-10,28328,0,23.0,27.918288148357036
2019-10-11,18262,1,21.5,28.984948709524208
2019-10-12,12131,1,19.75,39.47599400983716
2019-10-13,15577,0,18.75,48.73619010934916
2019-10-14,17058,0,12.0,35.25310606948829
2019-10-15,15241,1,13.25,24.553615248343203
2019-10-16,20233,1,15.25,25.851770210382305
2019-10-17,11557,1,17.0,28.01135098497286
2019-10-18,25548,0,21.25,30.751092062001103
2019-10-19,17148,0,19.0,45.866247764559525
2019-10-20,13562,0,15.75,40.46936661259402
2019-10-21,22114,1,16.5,27.566320731964563
2019-10-22,22842,0,20.0,28.902302775588865
2019-10-23,24404,0,19.75,28.360354176910825
2019-10-24,23632,0,23.0,29.281025727826833
2019-10-25,23955,0,25.75,31.93342308495101
2019-10-26,16575,0,25.0,46.34104876822511
2019-10-27,13967,0,23.5,46.691489463258755
2019-10-28,18300,1,20.75,26.932225865209347
2019-10-29,22640,0,18.0,28.002205535924773
2019-10-30,22974,0,20.25,27.446551173790688
2019-10-31,18589,0,20.25,28.933509064500594
2019-11-03,14328,0,19.5,49.53689512376715
2019-11-04,15095,1,21.5,26.425428949983463
2019-11-05,21961,0,21.75,29.840937722932868
2019-11-06,22572,0,23.75,28.24694828400986
2019-11-07,22559,0,26.75,29.21170634041116
2019-11-08,22480,0,19.75,31.4843446026099
2019-11-09,16547,1,21.75,44.351116012973
2019-11-10,11676,0,21.0,54.20262789768225
2019-11-11,18641,0,22.25,29.00186506446356
2019-11-12,20675,0,23.0,29.011555018137848
2019-11-13,19535,0,25.25,30.627464380172366
2019-11-14,18800,0,27.75,30.876126773049627
2019-11-15,19579,0,24.75,31.790906072833096
2019-11-16,12336,0,23.5,45.453914018590524
2019-11-17,11152,0,26.0,60.237473098995764
2019-11-18,9351,0,27.5,53.110612055751496
2019-11-19,10883,0,26.0,37.334521731140384
2019-11-20,15513,0,29.25,33.68752121876278
2019-11-21,16400,0,26.75,31.060837398374204
2019-11-22,17484,1,23.5,32.53947609242725
2019-11-23,13537,0,19.5,47.61038019255857
2019-11-24,10552,0,22.5,58.988517184735805
2019-11-25,12279,1,20.25,29.767897765833336
2019-11-26,17478,0,22.75,30.94188789716604
2019-11-27,17364,0,25.25,31.715997657989533
2019-11-28,18742,0,25.75,32.300983530750926
2019-11-29,17016,0,26.0,31.975195894060505
2019-11-30,11987,0,26.5,49.49554378354299
2019-12-01,9713,0,22.75,61.29464978207901
2019-12-02,14937,0,22.75,33.27642431545829
2019-12-03,14693,0,22.75,29.419606842260503
2019-12-04,15300,0,22.75,30.984232026144024
2019-12-05,16726,0,21.5,32.43268962493525
2019-12-06,16581,0,25.5,33.56595500874504
2019-12-07,10725,0,22.5,49.63111421911426
2019-12-08,8534,0,27.0,56.284432856808
2019-12-09,12570,0,28.5,32.54965393794751
2019-12-10,12371,0,32.5,33.46523455392979
2019-12-11,12050,0,31.25,31.113929460580824
2019-12-12,14155,0,24.25,32.83090780642889
2019-12-13,14132,0,21.5,34.66840385885472
2019-12-14,9253,0,25.5,50.91134226737242
2019-12-15,6885,1,21.75,52.46221496005808
2019-12-16,12325,1,23.75,33.36277079107504
2019-12-17,13008,0,24.0,34.60279699671995
2019-12-18,13245,0,27.5,34.40517805461175
2019-12-19,11798,0,28.25,33.5976464937559
2019-12-20,8316,1,23.5,34.697122013788636
2019-12-21,11258,0,21.25,43.17812518505355
2019-12-22,7539,0,22.75,60.14291683247119
2019-12-23,10803,0,26.0,35.13233978215948
2019-12-24,8772,0,28.0,38.967430460556386
2019-12-25,3828,1,22.75,50.113723441309595
2019-12-26,9017,1,23.0,33.18980814017971
2019-12-27,11533,1,26.5,35.8587993872656
2019-12-28,8436,0,28.0,48.41170183341231
2019-12-29,6572,0,27.75,58.51331913166982
2019-12-30,4922,1,25.25,33.538324529324086
2019-12-31,8559,1,26.25,42.01767924601788
2020-01-01,3281,0,24.0,53.362506349690044
2020-01-02,5320,0,23.75,32.401557017543844
2020-01-03,6349,0,24.5,32.235055389300086
2020-01-04,5142,0,25.75,47.064498249708386
2020-01-05,4320,0,26.75,56.238873456790074
2020-01-06,6189,0,25.25,30.33274088436475
2020-01-07,6738,0,27.0,30.900709904026883
2020-01-08,6041,0,27.75,30.43151796060247
2020-01-09,6268,0,27.5,29.917833971495373
2020-01-10,5743,0,26.5,34.14864762899757
2020-01-11,4326,0,27.5,49.25028124518413
2020-01-12,3274,0,27.0,58.15385359397273
2020-01-13,5181,0,25.25,31.630679405520095
2020-01-14,5113,0,26.5,31.1374437707803
2020-01-15,4289,1,26.25,33.30606201911875
2020-01-16,5948,0,23.25,30.27009358888147
2020-01-17,5936,0,23.25,32.64091700359386
2020-01-18,4191,0,26.25,50.107289429730514
2020-01-19,3210,0,28.0,60.05450155763242
2020-01-20,4575,0,29.5,32.11452459016393
2020-01-21,4555,1,26.5,32.6283461397731
2020-01-22,5542,0,26.5,31.26680801154813
2020-01-23,6193,0,26.75,30.78485655848001
2020-01-24,5917,0,29.5,30.918489099205715
2020-01-25,4259,0,31.5,49.83754793770044
2020-01-26,3323,0,30.5,56.59895676597438
2020-01-27,4605,0,23.0,29.405486789721316
2020-01-28,5040,0,24.75,31.610095899470842
2020-01-29,5145,0,25.0,28.3818626498218
2020-01-30,5469,0,22.25,30.858926068141532
2020-01-31,5300,0,24.0,30.92777987421393
2020-02-01,3249,0,26.5,49.0114188981225
2020-02-02,2470,0,28.75,59.490290148448125
2020-02-03,3702,0,29.75,30.951593733117214
2020-02-04,4411,0,30.0,29.589987153328803
2020-02-05,4641,1,29.0,28.739581986640832
2020-02-06,4433,0,31.0,28.669264606361352
2020-02-07,3987,1,28.0,27.48355906696761
2020-02-08,3466,1,25.5,42.04484516253126
2020-02-09,2957,0,22.75,50.87916243940925
2020-02-10,4332,0,21.25,28.913777316097246
2020-02-11,5040,0,23.25,28.45593915343902
2020-02-12,4953,0,25.0,27.695157816811406
2020-02-13,5117,0,27.0,26.538427464008887
2020-02-14,5025,0,28.0,29.198341625207295
2020-02-15,3649,0,27.75,43.09610852288305
2020-02-16,2885,0,29.75,47.70379549393412
2020-02-17,3768,0,26.5,24.25295028308556
2020-02-18,5283,0,24.0,25.242419080068217
2020-02-19,5260,0,26.0,26.06522813688221
2020-02-20,5613,0,22.25,25.316924995546028
2020-02-21,4988,0,20.25,26.336240310077507
2020-02-22,2945,0,18.75,44.60209960384832
2020-02-23,2971,0,23.0,51.85595198025357
2020-02-24,2856,0,25.75,50.5647117180206
2020-02-25,2690,0,23.75,46.514021065675394
2020-02-26,3503,0,22.0,26.312965077552526
2020-02-27,3953,0,25.0,26.832313011215064
2020-02-28,4234,0,27.0,25.220036214769365
2020-02-29,2869,0,26.25,40.04388288602307
2020-03-01,2725,0,28.5,47.67559633027528
2020-03-02,3506,0,28.25,25.485115991633442
2020-03-03,3830,0,27.5,26.69128372497825
2020-03-04,4657,0,27.0,24.72665521437261
2020-03-05,4837,0,26.0,25.417555647439933
2020-03-06,4751,0,25.5,26.6320809654108
2020-03-07,3567,0,27.0,36.66030277544153
2020-03-08,2356,0,28.25,42.094623655913935
2020-03-09,2018,1,24.75,23.27278658738023
2020-03-10,2520,0,23.0,23.388743386243398
2020-03-11,920,1,22.0,21.307028985507248
2020-03-12,2996,0,24.75,23.885119047619018
2020-03-13,2983,0,26.25,25.667756173874142
2020-03-14,1168,1,24.75,30.65345319634703
2020-03-15,1673,0,21.0,42.38880255030886
2020-03-16,2548,0,20.5,26.107169021454787
2020-03-17,1457,1,24.25,25.1824754060855
2020-03-18,1609,1,21.75,28.12583385125334
2020-03-19,1539,0,22.75,29.320911847520037
2020-03-20,343,0,24.5,24.351943634596708
2020-03-21,1,0,24.5,20.383333333333333
2020-05-11,81,0,19.0,19.223045267489717
2020-05-12,473,0,14.75,21.30313601127553
2020-05-13,761,0,17.25,21.548357424441523
2020-05-14,734,0,13.0,18.33131244323341
2020-05-15,1082,0,17.25,20.66064386937769
2020-05-16,989,0,22.25,22.865503875968972
2020-05-17,898,0,21.75,22.644654788418695
2020-05-18,1384,0,17.75,20.365920038535673
2020-05-19,1549,0,19.5,20.07065848934795
2020-05-20,1278,0,20.5,19.635028690662466
2020-05-21,1066,1,16.0,18.384177611006862
2020-05-22,1193,0,15.0,20.01021234981841
2020-05-23,1063,0,14.75,24.481373471307595
2020-05-24,680,0,14.75,22.81134803921568
2020-05-25,686,0,16.5,20.47779397473277
2020-05-26,1196,0,14.75,21.110897435897474
2020-05-27,1259,0,16.0,19.830725443473668
2020-05-28,1143,0,15.75,19.61455234762324
2020-05-29,1194,0,15.75,20.07705192629813
2020-05-30,602,0,13.75,21.198117386489454
2020-05-31,589,0,11.5,25.113129598189033
2020-06-01,1041,0,11.75,19.116986871597867
2020-06-02,1304,0,11.75,19.41693507157465
2020-06-03,1739,0,12.75,18.869628138777074
2020-06-04,1777,0,12.0,18.927058713187016
2020-06-05,1490,0,14.5,19.003489932885945
2020-06-06,1193,1,16.25,19.914054205085236
2020-06-07,1236,0,15.75,21.934155879180114
2020-06-08,2188,1,15.75,21.250068555758727
2020-06-09,2665,0,15.25,20.851325828642892
2020-06-10,2820,0,14.5,21.739302600472804
2020-06-11,2893,0,14.0,21.1207397165572
2020-06-12,2985,0,17.25,20.743299832495786
2020-06-13,2219,0,11.0,22.616704221120614
2020-06-14,2238,0,10.25,26.26066428358649
2020-06-15,2439,0,12.5,22.968552685526888
2020-06-16,3461,0,17.75,21.40543677164594
2020-06-17,3296,0,20.25,20.50095570388352
2020-06-18,3018,1,18.0,20.471034901700893
2020-06-19,3134,0,14.0,19.939135290363783
2020-06-20,2337,1,13.0,22.774497218656418
2020-06-21,2361,0,15.5,22.846646901030695
2020-06-22,2783,0,13.75,19.281147442807555
2020-06-23,2276,1,14.25,18.923286467486847
2020-06-24,2781,0,14.0,18.638601222581798
2020-06-25,2867,0,11.5,19.17168933844901
2020-06-26,2865,0,12.0,19.564956369982614
2020-06-27,2583,0,12.75,21.470086462769412
2020-06-28,2362,0,10.75,22.975973751058415
2020-06-29,2141,1,12.25,17.66955472520629
2020-06-30,670,1,12.0,17.639378109452753
2020-07-01,1576,0,8.75,17.40871404399323
2020-07-02,1755,0,9.0,17.48872744539411
2020-07-03,1883,0,11.75,17.752646486103764
2020-07-04,1730,0,12.5,19.598227360308314
2020-07-05,1712,1,12.25,21.36107866043616
2020-07-06,2047,0,10.0,18.432291157791912
2020-07-07,1988,0,9.5,18.033241113346726
2020-07-08,2435,0,10.75,18.40550308008217
2020-07-09,2310,0,12.5,21.68926406926407
2020-07-10,2173,0,11.75,20.364979291302323
2020-07-11,2886,0,11.75,23.382184107184127
2020-07-12,2460,0,12.5,23.60708672086721
2020-07-13,2441,0,11.0,18.542386999863457
2020-07-14,2474,0,10.5,18.94183508488283
2020-07-15,2639,0,10.0,18.758904888215163
2020-07-16,2496,0,11.25,18.9952991452991
2020-07-17,3077,0,12.25,19.681231719207094
2020-07-18,2410,0,14.75,21.463644536652833
2020-07-19,3631,0,17.5,24.99426237032954
2020-07-20,4355,0,18.25,21.556873325679366
2020-07-21,3640,0,15.0,20.66668498168503
2020-07-22,3763,0,14.5,20.316126317654373
2020-07-23,2280,1,13.5,18.84279970760232
2020-07-24,4353,0,9.75,20.983436710314713
2020-07-25,5139,0,11.25,25.174472984367863
2020-07-26,4599,0,13.25,26.103783431180744
2020-07-27,4375,0,12.0,20.426015238095246
2020-07-28,4765,0,10.25,21.58208114725421
2020-07-29,5143,0,10.0,21.41682869920277
2020-07-30,5428,0,12.25,21.23265782363052
2020-07-31,5629,0,11.5,21.045138272043566
2020-08-01,7363,0,14.0,27.072065281361734
2020-08-02,7267,0,18.5,27.203109949084883
2020-08-03,6694,0,16.25,21.838280549746052
2020-08-04,7764,0,18.25,23.63318306714757
2020-08-05,7565,0,20.0,23.112106190790932
2020-08-06,4827,0,16.75,19.953912022650318
2020-08-07,4191,0,11.75,20.04172035313769
2020-08-08,7583,0,15.0,25.484210294958057
2020-08-09,6046,0,14.75,25.85912173337743
2020-08-10,7455,0,16.25,21.83006259780913
2020-08-11,6903,0,12.5,21.388661934424608
2020-08-12,7409,0,12.5,21.36970351374455
2020-08-13,7709,0,14.5,21.216448307173373
2020-08-14,8359,0,14.5,22.40895043266735
2020-08-15,9206,0,15.0,26.921636251719928
2020-08-16,9234,0,15.25,28.798985632806318
2020-08-17,9994,0,14.5,28.279090787806087
2020-08-18,8627,0,17.75,21.894287315018698
2020-08-19,6278,0,10.5,20.157141340129602
2020-08-20,7328,0,10.75,21.041732623726332
2020-08-21,8688,0,13.5,21.77638888888895
2020-08-22,10468,0,14.0,26.704575850210286
2020-08-23,11052,0,15.5,27.72027084087359
2020-08-24,10092,0,17.75,22.01359162372843
2020-08-25,7349,0,17.25,20.144364312604885
2020-08-26,6317,0,18.25,19.668489789456945
2020-08-27,9888,0,15.0,21.980983683926674
2020-08-28,8985,0,15.0,21.36089779261735
2020-08-29,7062,0,15.0,22.933574058340437
2020-08-30,10715,0,10.25,28.331700108881517
2020-08-31,7826,0,11.75,20.730400800749635
2020-09-01,5307,0,10.25,19.223060737390906
2020-09-02,885,1,11.25,16.917476459510354
2020-09-03,7006,0,11.5,20.605752212389362
2020-09-04,8880,0,14.0,21.198588588588663
2020-09-05,10251,0,13.0,25.85371183299197
2020-09-06,9287,0,12.0,27.567639352499892
2020-09-07,8670,0,12.75,20.90989619377155
2020-09-08,9325,0,15.75,21.27871313672926
2020-09-09,9113,0,17.0,21.405925600790145
2020-09-10,10668,0,16.75,21.546331708536513
2020-09-11,9942,0,18.0,21.556883256219546
2020-09-12,10612,0,14.0,25.724114210327897
2020-09-13,10437,0,16.75,27.988039347194277
2020-09-14,9080,0,14.75,21.10434104258436
2020-09-15,8590,0,14.0,20.405642219635237
2020-09-16,9663,0,15.25,21.643225016385585
2020-09-17,10410,0,21.5,21.94884085814918
2020-09-18,11117,0,18.5,22.182483283859575
2020-09-19,10781,0,14.5,25.51476826515784
2020-09-20,10348,0,17.0,27.1104641798737
2020-09-21,9539,0,13.5,21.312092462522305
2020-09-22,9861,0,14.75,21.09226751850726
2020-09-23,10919,0,17.75,21.430819366852937
2020-09-24,11254,0,17.25,20.998556068953228
2020-09-25,6961,1,17.0,19.296427716324278
2020-09-26,5734,1,17.5,23.04321299848853
2020-09-27,5463,1,16.25,23.01578802855573
2020-09-28,10509,0,19.5,22.26909791607197
2020-09-29,9818,0,19.0,21.890315407075455
2020-09-30,10919,0,20.5,22.137860609945914
2020-10-01,10036,0,19.75,20.71149362295736
2020-10-02,9867,0,14.0,20.706192358366305
2020-10-03,8175,0,11.0,22.859100917431242
2020-10-04,7025,0,13.5,22.982669039145954
2020-10-05,9529,1,15.75,20.19065484311053
2020-10-06,11099,0,16.25,20.807338498963816
2020-10-07,12264,0,21.25,21.326466351380773
2020-10-08,11983,0,18.25,20.94021947759322
2020-10-09,12431,0,21.25,21.410229801839545
2020-10-10,11799,0,17.75,25.50219651382882
2020-10-11,10489,0,18.5,25.262195315727627
2020-10-12,12485,0,18.0,26.569110933119845
2020-10-13,11587,0,19.0,20.892793648053885
2020-10-14,12435,0,21.5,21.094818388955968
2020-10-15,11901,0,17.5,20.233488782455208
2020-10-16,12817,0,20.25,21.589376089048322
2020-10-17,10767,1,21.25,23.160996563573836
2020-10-18,10496,0,24.75,24.346122332317055
2020-10-19,7583,0,23.75,18.738643456855268
2020-10-20,6595,1,15.25,19.90519080111197
2020-10-21,7081,0,16.0,18.595664454173107
2020-10-22,5048,1,16.0,19.349478341257225
2020-10-23,11481,0,19.5,20.940317335888214
2020-10-24,12443,0,19.5,24.470636770339542
2020-10-25,5288,1,20.5,21.341840015128565
2020-10-26,11556,0,20.25,21.09445454021008
2020-10-27,11972,0,18.25,21.0887612763114
2020-10-28,9564,0,19.0,19.256303150703975
2020-10-29,10448,0,15.75,20.252426301684462
2020-10-30,11689,0,15.5,20.596884535318157
2020-10-31,11873,0,18.0,24.298469917740498
2020-11-01,10604,0,19.75,26.80444014837171
2020-11-02,11207,0,20.0,20.29771571339344
2020-11-03,11634,0,19.75,20.69027133115576
2020-11-04,12172,0,21.0,20.46312027604336
2020-11-05,12234,0,20.75,20.242986758214844
2020-11-06,12497,0,21.5,20.962707049691943
2020-11-07,12205,0,21.5,23.85529291274071
2020-11-08,10280,0,21.75,26.15663586251627
2020-11-09,10621,0,20.5,19.821956501271046
2020-11-10,11947,0,21.25,20.521397282441892
2020-11-11,11981,0,21.5,20.724754472359006
2020-11-12,12219,0,21.0,20.467141337261644
2020-11-13,12280,0,22.0,20.612514929424496
2020-11-14,10672,0,23.0,22.55551286856574
2020-11-15,10707,0,22.75,25.86281093365713
2020-11-16,11318,0,22.0,20.4695411439005
2020-11-17,11875,0,23.75,20.66365894736838
2020-11-18,11044,0,24.25,20.000716829651108
2020-11-19,11561,0,20.75,20.61149554536812
2020-11-20,11579,0,21.5,20.26547773267695
2020-11-21,10932,0,23.75,23.535673557750915
2020-11-22,9912,0,24.5,25.920814837234225
2020-11-23,10046,0,26.75,24.0914061981552
2020-11-24,8263,1,27.5,19.04692000484093
2020-11-25,8870,1,23.75,20.223359639233458
2020-11-26,11269,0,24.0,20.378770668796328
2020-11-27,11642,0,24.0,20.465641642329526
2020-11-28,7500,1,23.5,21.549177777777803
2020-11-29,9112,0,28.25,24.349054360550234
2020-11-30,10443,0,20.25,19.851696511219657
2020-12-01,10857,0,23.5,19.974498787264668
2020-12-02,7590,1,23.75,18.61895915678523
2020-12-03,11070,0,24.0,20.46284853959652
2020-12-04,11106,0,21.5,20.012694339395964
2020-12-05,10266,0,18.25,22.12954087927783
2020-12-06,10225,0,20.25,24.133409942950294
2020-12-07,10815,0,22.75,23.258734781938738
2020-12-08,10847,0,23.25,22.667699210227166
2020-12-09,11218,0,27.5,20.082284423842736
2020-12-10,11352,0,29.75,19.87816684284705
2020-12-11,10817,0,27.0,19.583498197282033
2020-12-12,10950,0,25.75,21.521598173515983
2020-12-13,9008,1,23.5,22.786523090586144
2020-12-14,11464,0,24.5,19.6982423237963
2020-12-15,10939,0,21.0,19.23997318462991
2020-12-16,11505,0,22.5,19.78480370853245
2020-12-17,11056,0,25.5,19.649868849493508
2020-12-18,10645,0,28.75,19.398099264130256
2020-12-19,8866,0,25.25,20.452983307015543
2020-12-20,8722,0,21.25,21.996216464113918
2020-12-21,11136,0,21.5,19.746367636494284
2020-12-22,10494,0,25.75,20.12543358109401
2020-12-23,9663,0,27.5,19.405772879367927
2020-12-24,6205,0,27.75,19.029049153908172
2020-12-25,5921,0,26.0,21.96010246016995
2020-12-26,8181,0,27.0,21.743077455893726
2020-12-27,8926,0,25.75,22.806537082679863
2020-12-28,10118,0,27.5,19.27190815049088
2020-12-29,9802,0,27.5,19.23476161327614
2020-12-30,8623,0,26.5,19.63133286945757
2020-12-31,6225,0,25.5,19.227386880856773
2021-01-01,5809,0,28.25,22.72545475411722
2021-01-02,7360,0,28.75,21.93441123188404
2021-01-03,8059,0,27.5,22.62170451255321
2021-01-04,8651,0,26.5,19.158180171849143
2021-01-05,8121,0,26.0,18.780300045150412
2021-01-06,10135,0,24.5,19.566314750863317
2021-01-07,10355,0,28.5,19.73954933204566
2021-01-08,8943,0,27.0,19.944781765999448
2021-01-09,9009,0,24.25,21.909092759092747
2021-01-10,8531,0,27.25,23.557308639080873
2021-01-11,6272,1,24.0,19.01831154336732
2021-01-12,10071,0,22.5,19.983862906695816
2021-01-13,10384,0,23.25,19.782794042116013
2021-01-14,10399,0,24.25,19.921947623168858
2021-01-15,7057,1,22.5,18.11110953663033
2021-01-16,8180,0,27.25,21.218763243683828
2021-01-17,9163,0,23.25,24.19216595729202
2021-01-18,10816,0,25.25,19.621972078402397
2021-01-19,10467,0,28.0,19.613166778128118
2021-01-20,10554,0,27.75,19.698067083570255
2021-01-21,10696,0,26.75,19.612179007728592
2021-01-22,10577,0,28.0,19.596568024959804
2021-01-23,8436,0,29.5,21.155243401295998
2021-01-24,7700,0,30.0,22.198963203463247
2021-01-25,9518,0,30.75,18.90647369895642
2021-01-26,10041,0,31.0,19.117066693224423
2021-01-27,11116,0,29.0,19.41671764423643
2021-01-28,8556,0,25.0,18.662067554932143
2021-01-29,9341,1,25.25,19.662314884202214
2021-01-30,4731,1,22.0,18.311713520749645
2021-01-31,4939,1,19.75,19.88471687926035
2021-02-01,6188,1,21.25,18.60608705020468
2021-02-02,10582,0,23.75,19.32499527499529
2021-02-03,10875,1,23.75,18.816073563218513
2021-02-04,12174,0,25.75,19.722853348666604
2021-02-05,11832,0,23.25,19.721589756592284
2021-02-06,10422,0,26.5,21.721574553828564
2021-02-07,9678,0,27.0,23.07731108355728
2021-02-08,10300,0,23.0,18.492957928802593
2021-02-09,10555,0,22.25,18.744394441812673
2021-02-10,10457,1,23.25,19.591772656274877
2021-02-11,9740,0,23.0,18.352960301163602
2021-02-12,11048,1,24.0,19.323527636978092
2021-02-13,9049,1,24.5,20.88583084687079
2021-02-14,8310,1,25.25,23.51134175691944
2021-02-15,11195,0,25.25,23.2965341670389
2021-02-16,10776,0,23.0,21.822636723583226
2021-02-17,12641,0,24.5,18.923336761332177
2021-02-18,13199,0,26.25,19.243720483875133
2021-02-19,13008,0,27.25,19.085895858958544
2021-02-20,11995,0,23.25,21.693166597193354
2021-02-21,11347,0,26.0,23.306636115272756
2021-02-22,8340,1,25.0,18.395087929656228
2021-02-23,13568,0,24.25,19.610403154481112
2021-02-24,13531,0,27.75,19.205819968960114
2021-02-25,12775,0,27.25,19.14716764514025
2021-02-26,12767,0,27.0,19.380460040207872
2021-02-27,11827,0,26.5,21.33322059693914
2021-02-28,10958,0,26.5,23.006112733467173
2021-03-01,13143,0,26.5,18.964037890892534
2021-03-02,13258,0,26.5,19.107548901292397
2021-03-03,13552,0,26.75,19.053088105076824
2021-03-04,13577,0,26.0,18.958685031057385
2021-03-05,13899,0,23.75,19.1226335227954
2021-03-06,12278,0,22.25,21.59345305967313
2021-03-07,11492,0,24.75,22.71452314653667
2021-03-08,13378,0,28.25,18.568195295759185
2021-03-09,13903,0,22.5,18.94890311443579
2021-03-10,13375,0,24.75,18.917938940809993
2021-03-11,11942,0,28.0,18.925949031429653
2021-03-12,12397,0,25.0,19.122227151730304
2021-03-13,3875,0,24.0,25.61355268817205
2021-03-14,2679,0,25.5,27.75276844593757
2021-03-15,9963,0,24.0,18.00590518250864
2021-03-16,8397,1,23.25,17.395694891032523
2021-03-17,9030,1,20.0,18.01798080472507
2021-03-18,10751,0,17.5,18.715459027067205
2021-03-19,10508,0,20.25,18.536239055957328
2021-03-20,1709,1,20.25,22.216803198751695
2021-03-21,3383,0,20.75,28.53834367918018
2021-03-22,10470,0,21.25,18.299848774275716
2021-03-23,11578,0,22.0,18.714412391316923
2021-03-24,6254,0,23.75,24.645389617311597
2021-03-25,3278,1,21.5,17.066412446613818
2021-03-26,9729,0,22.25,18.414528728543555
2021-03-27,2815,1,21.75,24.893534635879174
2021-03-28,3276,0,21.0,28.678256003256013
2021-03-29,10388,0,22.0,18.65767391862404
2021-03-30,10656,0,20.75,19.323157532532516
2021-03-31,10793,0,21.0,18.746026745730205
2021-04-01,7847,0,21.0,20.469051866955567
2021-04-02,4163,0,21.75,29.727187925374302
2021-04-03,3751,0,21.75,28.939193992713086
2021-04-04,2808,0,22.0,30.47784900284895
2021-04-05,9921,0,24.0,18.63374659812517
2021-04-06,10348,0,24.25,18.896445367864953
2021-04-07,10419,0,25.5,18.935823975429496
2021-04-08,8192,1,24.75,18.385042317708457
2021-04-09,6479,1,22.25,18.335977774347917
2021-04-10,1483,1,22.0,22.802472465722655
2021-04-11,2678,1,20.75,27.78772715957173
2021-04-12,9660,0,21.0,19.341023119392734
2021-04-13,10231,0,20.75,19.267430684521
2021-04-14,10672,0,21.75,19.266999312843627
2021-04-15,10396,0,22.5,19.388772925484037
2021-04-16,9204,0,21.75,20.015245183253686
2021-04-17,5199,0,22.0,27.990696928896504
2021-04-18,3363,0,21.0,29.788090990187357
2021-04-19,8758,0,22.0,19.503703280809948
2021-04-20,10151,0,22.5,19.910117229829552
2021-04-21,9948,0,22.25,19.57589632756997
2021-04-22,9707,0,22.0,19.235124137220467
2021-04-23,9476,1,23.0,19.56186858027301
2021-04-24,3575,0,20.0,27.030965034965117
2021-04-25,3598,0,18.0,30.98921623123953
2021-04-26,9332,0,18.25,19.04432418916984
2021-04-27,9707,0,18.5,19.49268225679059
2021-04-28,9939,0,20.0,19.53706945702115
2021-04-29,9864,0,20.0,19.9687702757502
2021-04-30,9703,0,20.5,20.013999106805446
2021-05-01,4657,0,21.5,31.178519790995583
2021-05-02,4172,0,22.0,31.78520693512307
2021-05-03,6524,1,21.5,18.24159002656863
2021-05-04,8335,0,16.0,19.25188962207558
2021-05-05,8357,0,13.5,19.00613856647124
2021-05-06,8442,0,15.5,19.37483613677649
2021-05-07,8796,0,14.75,19.487812642110043
2021-05-08,3954,0,15.75,27.829805260495732
2021-05-09,3115,0,15.75,29.32796682718032
2021-05-10,8593,0,16.25,18.726552620349906
2021-05-11,8531,0,14.75,19.10963349353341
2021-05-12,8790,0,15.5,19.01771710276836
2021-05-13,8999,0,15.25,18.978656887802394
2021-05-14,9382,0,15.0,19.928689689476233
2021-05-15,4364,0,15.25,27.012431255728643
2021-05-16,3220,0,16.0,29.597500000000085
2021-05-17,8405,0,15.0,18.89677374578625
2021-05-18,8903,0,13.75,19.141740611778825
2021-05-19,8726,0,14.75,18.507292382916898
2021-05-20,8307,0,15.5,18.872926447574347
2021-05-21,2537,1,14.75,16.909157797924067
2021-05-22,567,1,14.5,20.203439153439135
2021-05-23,1507,1,13.75,27.541517363415174
2021-05-24,3370,0,15.0,32.10668150346192
2021-05-25,3631,0,15.75,32.623349857706785
2021-05-26,6374,0,16.5,19.73999843112641
2021-05-27,7109,0,17.5,20.945144652318685
2021-05-28,7421,0,18.75,20.299070206171617
2021-05-29,3313,0,13.0,29.76734580943757
2021-05-30,3581,0,12.5,33.850809829656484
2021-05-31,7894,0,16.25,19.550755848323593
2021-06-01,4789,0,17.5,20.404489455001062
2021-06-02,4247,0,15.5,16.756349580095733
